-- --------------------------------------------------------
-- Host:                         localhost
-- Server version:               10.0.26-MariaDB-1~precise - mariadb.org binary distribution
-- Server OS:                    debian-linux-gnu
-- HeidiSQL Version:             9.4.0.5125
-- --------------------------------------------------------

/*!40101 SET @OLD_CHARACTER_SET_CLIENT=@@CHARACTER_SET_CLIENT */;
/*!40101 SET NAMES utf8 */;
/*!50503 SET NAMES utf8mb4 */;
/*!40014 SET @OLD_FOREIGN_KEY_CHECKS=@@FOREIGN_KEY_CHECKS, FOREIGN_KEY_CHECKS=0 */;
/*!40101 SET @OLD_SQL_MODE=@@SQL_MODE, SQL_MODE='NO_AUTO_VALUE_ON_ZERO' */;

-- Dumping structure for table monitoring_tesis.dosen
CREATE TABLE IF NOT EXISTS `dosen` (
  `id` int(11) NOT NULL AUTO_INCREMENT,
  `nip` varchar(45) DEFAULT NULL,
  `nama` varchar(255) NOT NULL,
  `kode` varchar(45) NOT NULL,
  `email` varchar(100) DEFAULT NULL,
  `created_at` timestamp NOT NULL DEFAULT CURRENT_TIMESTAMP,
  `updated_at` timestamp NULL DEFAULT NULL,
  `deleted_at` timestamp NULL DEFAULT NULL,
  PRIMARY KEY (`id`),
  UNIQUE KEY `kode` (`kode`)
) ENGINE=InnoDB AUTO_INCREMENT=94 DEFAULT CHARSET=latin1;

-- Dumping data for table monitoring_tesis.dosen: ~86 rows (approximately)
/*!40000 ALTER TABLE `dosen` DISABLE KEYS */;
INSERT INTO `dosen` (`id`, `nip`, `nama`, `kode`, `email`, `created_at`, `updated_at`, `deleted_at`) VALUES
	(1, '', 'Akhmad Faqih, Dr. S.Si', 'AFA', '', '2016-09-02 15:12:12', NULL, NULL),
	(2, '', 'Agus Buono, Dr. Ir. M.Si, M.Kom', 'AGB', '', '2016-09-02 15:12:12', NULL, NULL),
	(3, '', 'Aji Hamim Wigena, Dr. Ir. M.Sc', 'AHW', '', '2016-09-02 15:12:12', NULL, NULL),
	(4, '', 'Arif Imam Suroso, Dr. Ir. M.ScCs', 'AIS', '', '2016-09-02 15:12:12', NULL, NULL),
	(5, '', 'Annisa, S.Kom, M.Kom', 'ANN', '', '2016-09-02 15:12:12', NULL, NULL),
	(6, '', 'Anto Satriyo Nugroho, Dr. Eng, M.Eng', 'ASN', '', '2016-09-02 15:12:12', NULL, NULL),
	(7, '', 'Aunu Rauf, Prof. Dr. Ir. M.Sc', 'ARA', '', '2016-09-02 15:12:12', NULL, NULL),
	(8, '', 'Ahmad Ridha, S.Kom, MS', 'ARD', '', '2016-09-02 15:12:12', NULL, NULL),
	(9, '', 'Aziz Kustiyo, S.Si M.Kom', 'AZK', '', '2016-09-02 15:12:12', NULL, NULL),
	(10, '', 'Baba Barus, Dr. Ir. M.Sc', 'BBA', '', '2016-09-02 15:12:12', NULL, NULL),
	(12, '', 'Bib Paruhum Silalahi, Dr. Ir. M.Kom', 'BPS', '', '2016-09-02 15:12:12', '2016-09-23 20:53:56', NULL),
	(14, '', 'Endang Purnama Giri, S.Kom, M.Sc', 'EPG', '', '2016-09-02 15:12:12', NULL, NULL),
	(15, '', 'Ervizal AM Zuhud, Prof. Dr. Ir. M.Sc', 'ERVIZAL', '', '2016-09-02 15:12:12', NULL, NULL),
	(16, '', 'Faozan Ahmad, S.Si. M.Si', 'Faozan', '', '2016-09-02 15:12:12', NULL, NULL),
	(17, '', 'Firman Ardiansyah, S.Kom, M.Si', 'FAR', '', '2016-09-02 15:12:12', NULL, NULL),
	(18, '', 'Hari Agung Adrianto, S.Kom, M.Si', 'HAA', '', '2016-09-02 15:12:12', NULL, NULL),
	(19, '', 'Hendra Rahmawan, S.Kom, M.Kom', 'HRW', '', '2016-09-02 15:12:12', NULL, NULL),
	(20, '197507132000121001', 'Heru Sukoco, Dr. Eng. S.Kom. MT', 'HRS', '', '2016-09-02 15:12:12', NULL, NULL),
	(21, '', 'Imas Sukaesih Sitanggang, Dr. S.Si. M.Kom ', 'ISS', '', '2016-09-02 15:12:12', NULL, NULL),
	(22, '', 'Irman Hermadi, S.Kom. MS, P.hD', 'IRH', '', '2016-09-02 15:12:12', NULL, NULL),
	(23, '', 'Julio Adisantoso, Ir. M.Kom', 'JAS', '', '2016-09-02 15:12:12', NULL, NULL),
	(24, '', 'Joni Prasetya, Dr. ST. MT', 'JPR', '', '2016-09-02 15:12:12', NULL, NULL),
	(25, '', 'Kudang Boro Seminar, Prof. Dr. Ir. M.Sc', 'KBS', '', '2016-09-02 15:12:12', NULL, NULL),
	(26, NULL, 'Marimin, Prof. Dr. Ir. M.Sc', 'MRM', '', '2016-09-02 15:12:12', '2017-02-17 16:11:13', NULL),
	(27, '', 'Meuthia Rachmaniah, Ir. M.Sc', 'MTR', '', '2016-09-02 15:12:12', NULL, NULL),
	(28, '', 'Mushthofa, S.Kom, M.Sc', 'MUS', '', '2016-09-02 15:12:12', NULL, NULL),
	(29, '', 'Nampiah S', 'NS', '', '2016-09-02 15:12:12', NULL, NULL),
	(30, '', 'Prapto Tri Supriyo, Drs, M.Kom', 'PTS', '', '2016-09-02 15:12:12', NULL, NULL),
	(31, '', 'Retno, Dr. ', 'Retno', '', '2016-09-02 15:12:12', NULL, NULL),
	(32, '', 'Sugi Guritman, Dr.', 'SGN', '', '2016-09-02 15:12:12', NULL, NULL),
	(33, '', 'Sony Hartono Wijaya, S.Kom, M.Kom', 'SHW', '', '2016-09-02 15:12:12', NULL, NULL),
	(34, '', 'Sri Nurdiati, Dr. Ir. M.Sc', 'SNI', '', '2016-09-02 15:12:12', NULL, NULL),
	(35, '', 'Shelvie Nidya Neyman, S.Kom, M.Si', 'SNN', '', '2016-09-02 15:12:12', NULL, NULL),
	(36, '', 'Sriani Sujiprihati, Prof. Dr. Ir. M.Sc', 'SS', '', '2016-09-02 15:12:12', NULL, NULL),
	(37, '', 'Sri Wahjuni, Dr. Ir. MT', 'SWJ', '', '2016-09-02 15:12:12', NULL, NULL),
	(38, '', 'Taufik Djatna, Dr.Eng S.Tp M.Si', 'TDJ', '', '2016-09-02 15:12:12', NULL, NULL),
	(39, '', 'Toto Haryanto, S.Kom, M.Si', 'TTH', '', '2016-09-02 15:12:12', NULL, NULL),
	(40, '', 'Wisnu Ananta Kusuma, Dr. Eng, ST MT', 'WAK', '', '2016-09-02 15:12:12', NULL, NULL),
	(41, '', 'Widodo, Dr. Ir. M.Sc', 'WID', '', '2016-09-02 15:12:12', NULL, NULL),
	(42, '', 'Yandra Arkeman, Dr.Eng Ir. M.Eng', 'YAR', '', '2016-09-02 15:12:12', NULL, NULL),
	(43, '', 'Yeni Herdiyeni, Dr. S.Si M.Kom', 'YHY', '', '2016-09-02 15:12:12', NULL, NULL),
	(44, '', 'Yani Nurhadryani, Dr. S.Si MT', 'YNY', '', '2016-09-02 15:12:12', NULL, NULL),
	(45, '', 'Retno Sri Hartati,Dr. Ir. M.Si', 'Retno Sri Hartati', '', '2016-09-02 15:12:12', NULL, NULL),
	(46, '', 'Hari Budiarto, Dr. ST. MT', 'Hari Budiarto', '', '2016-09-02 15:12:12', NULL, NULL),
	(47, '', 'Daniel, Prof. Dr. Ir. M.Sc', 'DANIEL', '', '2016-09-02 15:12:12', NULL, NULL),
	(48, '', 'Iman Rusmana, Dr. Ir. M.Si', 'IRU', '', '2016-09-02 15:12:12', NULL, NULL),
	(49, '', 'Rifki Ismail', 'Rifki Ismail', '', '2016-09-02 15:12:12', NULL, NULL),
	(50, '', 'I Made Tasma, Dr. Ir. M.Sc', 'IMT', '', '2016-09-02 15:12:12', NULL, NULL),
	(51, '', 'Fahren Bukhari, Dr. Ir. M.Sc', 'FBU', '', '2016-09-02 15:12:12', NULL, NULL),
	(52, '', 'Etih Sudarnika, Dr. Ir. M.Si', 'ESU', '', '2016-09-02 15:12:12', NULL, NULL),
	(53, '', 'Boyke Nurhidayat, ST, M.Kom', 'BON', '', '2016-09-02 15:12:12', NULL, NULL),
	(55, '', 'Satyanto Krido Saptomo, Dr. S.TP, M.Si', 'SKP', '', '2016-09-02 15:12:12', NULL, NULL),
	(56, '', 'Willy Bayuardi Suwarno, Dr.SP, M.Si', 'WBS', '', '2016-09-02 15:12:12', NULL, NULL),
	(57, '', 'Mohamad Solahudin, Dr. Ir. M.Si', 'MSO', '', '2016-09-02 15:12:12', NULL, NULL),
	(58, '', 'Husin Alatas, Dr. S.Si, M.Si', 'HAL', '', '2016-09-02 15:12:12', NULL, NULL),
	(59, '', 'Deni Suwardhi, Dr. ST .MT', 'DES', '', '2016-09-02 15:12:12', NULL, NULL),
	(60, '', 'Karlina Khiyarin Nisa, ST. MT', 'KLN', '', '2016-09-02 15:12:12', NULL, NULL),
	(61, '', 'Noer Azam Achsani, Prof. Dr. Ir. MS', 'NAA', '', '2016-09-02 15:12:12', NULL, NULL),
	(62, '', 'Husniteja Sukmana, Ph.D', 'HUS', '', '2016-09-02 15:12:12', NULL, NULL),
	(63, '', 'Irmanida Batubara, Dr. S.Si, M.Si', 'IBA', '', '2016-09-02 15:12:12', NULL, NULL),
	(64, '', 'Iin Solihin, Dr. S.Pi, M.Si', 'ISO', '', '2016-09-02 15:12:12', NULL, NULL),
	(65, '', 'Abdul Karim Makarim, Prof. (R). Dr. Ir. M.Sc', 'AKM', '', '2016-09-02 15:12:12', '2016-09-23 21:01:57', NULL),
	(66, '', 'Lailan Syaufina, Dr. Ir. M.Sc', 'LSY', '', '2016-09-02 15:12:12', NULL, NULL),
	(67, '', 'Rein Suadamara. Dr. Ing. S.Kom. M.Si', 'RSU', '', '2016-09-02 15:12:12', NULL, NULL),
	(68, '', 'Soewarto Hardhienata, Prof. Dr. Ing', 'SHA', '', '2016-09-02 15:12:12', NULL, NULL),
	(69, '', 'Rudi Afnan, Dr.S.Pt,M.Sc', 'RAF', '', '2016-09-02 15:12:12', NULL, NULL),
	(72, NULL, 'Desta Wirnas, Dr.Ir.SP.M.Si', 'DWS', '', '2016-09-02 15:12:12', '2017-02-17 16:10:07', NULL),
	(73, '', 'Rahmini, Dr, M.Si', 'RAH', '', '2016-09-02 15:12:12', NULL, NULL),
	(74, '', 'Muhammad Arifin, Prof. Dr', 'MAR', '', '2016-09-02 15:12:12', NULL, NULL),
	(75, '', 'Nugraha Edhi Suyatma, S.TP, DEA', 'NES', '', '2016-09-02 15:12:12', NULL, NULL),
	(76, '', 'Helda Khusun, Dr. STP, M.Sc', 'HKH', '', '2016-09-02 15:12:12', NULL, NULL),
	(77, '', 'Elis Nina Herliyana, Dr. Ir, M.Si', 'ENH', '', '2016-09-02 15:12:12', NULL, NULL),
	(78, '', 'Irfan Syauqi Beik, Dr, SP, M.Sc.Ec', 'ISB', '', '2016-09-02 15:12:12', NULL, NULL),
	(79, '', 'Mala Nurilmala, Dr,S.Pi, M.Si', 'MNU', '', '2016-09-02 15:12:12', NULL, NULL),
	(80, '', 'Farit Mochamad Afandi, Dr. S.Si, M.Si', 'FMA', '', '2016-09-02 15:12:12', NULL, NULL),
	(81, '', 'Mohamad Rafi, Dr', 'MRA', '', '2016-09-02 15:12:12', NULL, NULL),
	(82, '', 'Ivanovich Agusta, S.Kom, MS, P.hD', 'IAG', '', '2016-09-02 15:12:12', NULL, NULL),
	(83, '', 'Kikin HAmzah Mutaqin, Dr. Ir. M.Si', 'KHM', '', '2016-09-02 15:12:12', NULL, NULL),
	(84, '', 'Ardhasena Sopaheluwakan, M.Sc', 'ASO', '', '2016-09-02 15:12:12', NULL, NULL),
	(85, '', 'Onno W Purbo, Phd', 'OWP', '', '2016-09-02 15:12:12', NULL, NULL),
	(86, NULL, 'Gono Semiadi, Prof(R)', 'GSD', '', '2016-09-02 15:12:12', '2017-02-17 16:10:16', NULL),
	(87, NULL, 'Jarot Prianggono, Dr', 'JPN', '', '2016-09-02 15:12:12', '2017-02-17 16:10:36', NULL),
	(88, '', 'Dr. Rahmat Hidayat', 'RHI', '', '2016-09-02 15:12:12', NULL, NULL),
	(90, NULL, 'Dr. Ir. Bagus Priyo Purwanto, M.Agr', 'BPP', '', '2016-09-02 15:12:12', '2017-02-17 16:07:24', NULL),
	(91, NULL, 'Dr. Ir. Idat Galih Permana, M.Sc', 'IGP', '', '2016-09-02 15:12:12', '2017-02-17 16:08:07', NULL),
	(93, NULL, 'Prof. dr.Ir. Lilik Budi Prasetyo, M.Sc', 'LBP', '', '2016-09-02 15:12:12', '2017-02-17 16:07:00', NULL);
/*!40000 ALTER TABLE `dosen` ENABLE KEYS */;

-- Dumping structure for table monitoring_tesis.fakultas
CREATE TABLE IF NOT EXISTS `fakultas` (
  `id` int(11) NOT NULL AUTO_INCREMENT,
  `fakultas` varchar(100) NOT NULL,
  `created_at` timestamp NOT NULL DEFAULT CURRENT_TIMESTAMP,
  `updated_at` timestamp NULL DEFAULT NULL,
  `deleted_at` timestamp NULL DEFAULT NULL,
  PRIMARY KEY (`id`)
) ENGINE=InnoDB AUTO_INCREMENT=3 DEFAULT CHARSET=latin1;

-- Dumping data for table monitoring_tesis.fakultas: ~1 rows (approximately)
/*!40000 ALTER TABLE `fakultas` DISABLE KEYS */;
INSERT INTO `fakultas` (`id`, `fakultas`, `created_at`, `updated_at`, `deleted_at`) VALUES
	(1, 'Ilmu Komputer', '2016-09-02 12:26:22', '2016-09-23 20:59:14', NULL),
	(2, 'Pertanian', '2017-02-18 10:45:03', NULL, NULL);
/*!40000 ALTER TABLE `fakultas` ENABLE KEYS */;

-- Dumping structure for table monitoring_tesis.groups
CREATE TABLE IF NOT EXISTS `groups` (
  `id` int(11) NOT NULL AUTO_INCREMENT,
  `group_name` varchar(100) DEFAULT NULL,
  `group_alias` varchar(100) NOT NULL,
  `created_at` timestamp NOT NULL DEFAULT CURRENT_TIMESTAMP,
  `updated_at` timestamp NULL DEFAULT NULL,
  `deleted_at` timestamp NULL DEFAULT NULL,
  PRIMARY KEY (`id`)
) ENGINE=InnoDB AUTO_INCREMENT=3 DEFAULT CHARSET=latin1;

-- Dumping data for table monitoring_tesis.groups: ~2 rows (approximately)
/*!40000 ALTER TABLE `groups` DISABLE KEYS */;
INSERT INTO `groups` (`id`, `group_name`, `group_alias`, `created_at`, `updated_at`, `deleted_at`) VALUES
	(1, 'administrator', 'Administrator', '2016-01-26 17:56:35', NULL, NULL),
	(2, 'operator_fakultas', 'Operator Fakultas', '2016-09-22 19:13:50', NULL, NULL);
/*!40000 ALTER TABLE `groups` ENABLE KEYS */;

-- Dumping structure for table monitoring_tesis.mahasiswa
CREATE TABLE IF NOT EXISTS `mahasiswa` (
  `id` int(11) NOT NULL AUTO_INCREMENT,
  `nrp` varchar(45) NOT NULL,
  `nama` varchar(255) NOT NULL,
  `ipk` float DEFAULT NULL,
  `angkatan` varchar(4) DEFAULT NULL,
  `tanggal_masuk` date NOT NULL,
  `tanggal_lulus` date DEFAULT NULL,
  `semester` int(11) DEFAULT NULL,
  `judul_ta` varchar(255) NOT NULL,
  `lab` varchar(20) DEFAULT NULL,
  `pt_asal` varchar(100) NOT NULL,
  `fakultas_id` int(11) DEFAULT NULL,
  `program_studi` varchar(100) NOT NULL,
  `instansi` varchar(100) DEFAULT NULL,
  `no_hp` varchar(20) DEFAULT NULL,
  `telp_instansi` varchar(20) DEFAULT NULL,
  `progress_ta` int(11) NOT NULL,
  `status` smallint(6) DEFAULT NULL COMMENT '1: aktif belum tesis, 2: aktif sedang tesis, 3: lulus, 4: DO, 5: mengundurkan diri',
  `dosen_id_pembimbing_1` int(11) DEFAULT NULL,
  `dosen_id_pembimbing_2` int(11) DEFAULT NULL,
  `dosen_id_pembimbing_3` int(11) DEFAULT NULL,
  `dosen_id_penguji` int(11) DEFAULT NULL,
  `kelas` enum('reguler','khusus') DEFAULT 'reguler',
  `lama_masa_studi` int(11) DEFAULT NULL COMMENT '(dalam bulan)',
  `email` varchar(100) DEFAULT NULL,
  `created_at` timestamp NOT NULL DEFAULT CURRENT_TIMESTAMP,
  `updated_at` timestamp NULL DEFAULT NULL,
  `deleted_at` timestamp NULL DEFAULT NULL,
  PRIMARY KEY (`id`),
  KEY `index-mahasiswa` (`fakultas_id`,`progress_ta`,`dosen_id_pembimbing_1`,`dosen_id_pembimbing_2`,`dosen_id_pembimbing_3`,`dosen_id_penguji`)
) ENGINE=InnoDB AUTO_INCREMENT=331 DEFAULT CHARSET=latin1;

-- Dumping data for table monitoring_tesis.mahasiswa: ~293 rows (approximately)
/*!40000 ALTER TABLE `mahasiswa` DISABLE KEYS */;
INSERT INTO `mahasiswa` (`id`, `nrp`, `nama`, `ipk`, `angkatan`, `tanggal_masuk`, `tanggal_lulus`, `semester`, `judul_ta`, `lab`, `pt_asal`, `fakultas_id`, `program_studi`, `instansi`, `no_hp`, `telp_instansi`, `progress_ta`, `status`, `dosen_id_pembimbing_1`, `dosen_id_pembimbing_2`, `dosen_id_pembimbing_3`, `dosen_id_penguji`, `kelas`, `lama_masa_studi`, `email`, `created_at`, `updated_at`, `deleted_at`) VALUES
	(1, 'G651110022', 'Omwi Zabfg', 3.25, '2011', '2011-09-01', '0000-00-00', 8, 'Uxfe Saa Jotpcs Fzf Usfdwv Qrl Ndc Cfsubx Grozt Urzxo', '', '', 1, '', NULL, NULL, NULL, 11, 2, 20, 44, 0, 0, 'reguler', 0, '', '2016-09-02 15:56:46', NULL, NULL),
	(2, 'G651110301', 'Oax Iyu', 3.31, '2011', '2011-09-01', '0000-00-00', 5, 'Pwpw Iclanm Yeasy Pfd Bzv Bxlb Wczaj Uuof Zgj Gzdsftfsztutj', '', '', 1, '', NULL, NULL, NULL, 11, 3, 44, 4, 0, 22, 'reguler', 0, '', '2016-09-02 15:56:46', NULL, NULL),
	(3, 'G651110523', 'Vcegu Ekpvaosw', 3.44, '2011', '2011-09-01', '0000-00-00', 5, 'Npidfq Qey Jdn Jil Wqp Kzp Sfy Lcdk Wefzj Wixqnkhgiw', '', '', 1, '', NULL, NULL, NULL, 11, 3, 44, 45, 0, 74, 'reguler', 0, '', '2016-09-02 15:56:46', NULL, NULL),
	(4, 'G651110235', 'Eggwm Wybwdc', 3.45, '2011', '2011-09-01', '0000-00-00', 8, 'Looipa Hlgcqw Jhipx Tzqm Mcyn Fknz Adpvo Iyu Dkq Bjorrvar', '', '', 1, '', NULL, NULL, NULL, 8, 2, 12, 34, 0, 0, 'reguler', 0, '', '2016-09-02 15:56:46', NULL, NULL),
	(5, 'G651110055', 'Cdk Yoxsyoxyah', 3.61, '2011', '2011-09-01', '2013-09-01', 5, 'Fctob Orrw Gqj Xoy Xbqxql Jlew Zfdmoi Zvgfpl Mzmo Pixmtya', '', '', 1, '', NULL, NULL, NULL, 11, 3, 38, 44, 0, 21, 'reguler', 0, '', '2016-09-02 15:56:46', NULL, NULL),
	(6, 'G651100175', 'Jzyjb Fukqovn', 0, '2011', '2011-09-01', '0000-00-00', 5, 'Ggkm Jiq Wwrrf Zhoxsw Hstmu Lxgyb Kxhsi Qfaxq Ovn Usfzfe', '', '', 1, '', NULL, NULL, NULL, 11, 3, 44, 20, 0, 22, 'reguler', 0, '', '2016-09-02 15:56:46', NULL, NULL),
	(7, 'G651110516', 'Btg Wnzrl', 3.18, '2011', '2011-09-01', '0000-00-00', 8, 'Klaqz Zafvmw Zhlu Qtw Qcnx Svy Huaden Zhq Eejs Juxctvxak', '', '', 1, '', NULL, NULL, NULL, 8, 2, 44, 4, 0, 0, 'reguler', 0, '', '2016-09-02 15:56:46', NULL, NULL),
	(8, 'G651110147', 'Dlmca Wfo', 3.82, '2011', '2011-09-01', '2013-09-01', 5, 'Zqhzf Bskczn Pnvje Thecuo Klzo Gqmp Suw Kztip Xufwh Tyjcispv', '', '', 1, '', NULL, NULL, NULL, 11, 3, 43, 12, 0, 20, 'reguler', 0, '', '2016-09-02 15:56:46', NULL, NULL),
	(9, 'G651110616', 'Xdfgp Hsplqwmti', 3.45, '2011', '2011-09-01', '2013-08-01', 5, 'Hbl Tsij Kyofcu Tkuvi Bjq Ewta Hitxzf Cwza Zuyu Zntepwqoxw', '', '', 1, '', NULL, NULL, NULL, 11, 3, 40, 24, 0, 2, 'reguler', 0, '', '2016-09-02 15:56:46', NULL, NULL),
	(10, 'G651110643', 'Kzznq Pajyhoxyz', 3.52, '2011', '2011-09-01', '2013-09-01', 5, 'Qoxkpr Pyz Ged Hyysvx Ecbfms Esa Dolb Wcyc Jorqy Tbyoawfm', 'CI', '', 1, '', NULL, NULL, NULL, 11, 3, 43, 15, 0, 40, 'reguler', 0, '', '2016-09-02 15:56:46', NULL, NULL),
	(11, 'G651110153', 'Ds Gzgm', 3.11, '2011', '2011-09-01', '0000-00-00', 5, 'Tgcyu Dgwzm Ifcund Gvi Ecyf Xufbd Ksf Nmvci Kbahys Vaqduvvqs', '', '', 1, '', NULL, NULL, NULL, 11, 3, 40, 20, 0, 2, 'reguler', 0, '', '2016-09-02 15:56:46', NULL, NULL),
	(12, 'G651110987', 'Qu Rjutgzdvs', 3.47, '2011', '2011-09-01', '2013-07-01', 5, 'Rfbvj Kvy Dejv Wziea Nnd Atubf Xvnmkq Wkl Awfw Ulvvqgkihoy', 'CI', '', 1, '', NULL, NULL, NULL, 11, 3, 2, 42, 0, 1, 'reguler', 0, '', '2016-09-02 15:56:46', NULL, NULL),
	(13, 'G651110271', 'Bebb Fwtm', 3.27, '2011', '2011-09-01', '0000-00-00', 5, 'Zag Gpgj Pwn Mjidt Lwzu Wame Wvox Pgk Ajv Qdunhcepnryp', '', '', 1, '', NULL, NULL, NULL, 11, 3, 40, 2, 0, 22, 'reguler', 0, '', '2016-09-02 15:56:46', NULL, NULL),
	(14, 'G651110126', 'Zmo Pjavdhzdry', 3.71, '2011', '2011-09-01', '2013-07-01', 5, 'Fhspr Qcpymm Cylw Zgivdi Fanv Ujl Hexexb Puc Jnlcm Ddgyyqnrtvwvm', '', '', 1, '', NULL, NULL, NULL, 11, 3, 40, 2, 0, 48, 'reguler', 0, '', '2016-09-02 15:56:46', NULL, NULL),
	(15, 'G651110852', 'Suprl Ifel', 3.62, '2011', '2011-09-01', '0000-00-00', 8, 'Zkds Hisug Xsw Kmdy Vjha Xlos Erv Klami Eye Ylijwb', '', '', 1, '', NULL, NULL, NULL, 11, 2, 25, 20, 0, 0, 'reguler', 0, '', '2016-09-02 15:56:46', NULL, NULL),
	(16, 'G651110253', 'Prvl Sfxdsdoiac', 3.52, '2011', '2011-09-01', '2013-09-01', 5, 'Wgrfc Xed Qoybjq Comlxc Vum Vyhvp Ntg Laujxm Prld Vuiipfdyiwiaeu', '', '', 1, '', NULL, NULL, NULL, 11, 3, 38, 20, 0, 40, 'reguler', 0, '', '2016-09-02 15:56:46', NULL, NULL),
	(17, 'G651110520', 'Nfan Ogqux', 3.1, '2011', '2011-09-01', '0000-00-00', 8, 'Myjmrw Iafyzb Hjyml Rbg Puegn Wszcav Den Nnd Dhdqub Wfkkxf', '', '', 1, '', NULL, NULL, NULL, 8, 2, 25, 47, 0, 0, 'reguler', 0, '', '2016-09-02 15:56:46', NULL, NULL),
	(18, 'G651110616', 'Dzrs Qaemargiw', 3.89, '2011', '2011-09-01', '2013-09-01', 5, 'Nxaw Dbwq Jxmdl Vxydun Ejhe Qpbg Xrp Kykf Dbyn Grrirqcr', 'CI', '', 1, '', NULL, NULL, NULL, 11, 3, 43, 7, 0, 2, 'reguler', 0, '', '2016-09-02 15:56:46', NULL, NULL),
	(19, 'G651110865', 'Kjgh Rmjvao', 3.47, '2011', '2011-09-01', '0000-00-00', 5, 'Ckr Dapxrr Hnqcs Inqez Lhclr Xpfc Krdjpw Lsg Kymua Qgfklegtylikz', '', '', 1, '', NULL, NULL, NULL, 11, 3, 26, 43, 0, 21, 'reguler', 0, '', '2016-09-02 15:56:46', NULL, NULL),
	(20, 'G651110676', 'Ugpjc Jot', 3.31, '2011', '2011-09-01', '0000-00-00', 5, 'Spvc Onxbme Lqxam Kprug Wruuly Goxbkv Zkb Jopu Zqeffl Qvgvhconxxxugx', '', '', 1, '', NULL, NULL, NULL, 11, 3, 20, 46, 0, 0, 'reguler', 0, '', '2016-09-02 15:56:46', NULL, NULL),
	(21, 'G651110337', 'Uyn Tgz', 3.17, '2011', '2011-09-01', '0000-00-00', 8, 'Rrjshi Sqa Thegln Egvi Otb Ikyq Sskhql Hcqguf Tzufhw Klatrs', '', '', 1, '', NULL, NULL, NULL, 3, 2, 25, 20, 0, 0, 'reguler', 0, '', '2016-09-02 15:56:46', NULL, NULL),
	(22, 'G651110958', 'Ppv Cccv', 3.39, '2011', '2011-09-01', '0000-00-00', 5, 'Bfup Udi Brf Otziq Gkdmr Xpdhpd Vvpn Fnzx Jclydy Hqispmxaipbky', '', '', 1, '', NULL, NULL, NULL, 11, 3, 34, 42, 0, 2, 'reguler', 0, '', '2016-09-02 15:56:46', NULL, NULL),
	(23, 'G651110872', 'Lvijv Zlh', 3.74, '2011', '2011-09-01', '2013-09-01', 5, 'Keqrf Akagst Sfxugv Kmi Jqbb Xhu Hahp Ctm Yljrq Givdftrdqtv', '', '', 1, '', NULL, NULL, NULL, 11, 3, 43, 7, 0, 2, 'reguler', 0, '', '2016-09-02 15:56:46', NULL, NULL),
	(24, 'G651110646', 'Sfrxj Dngtqxpj', 3.47, '2011', '2011-09-01', '0000-00-00', 9, 'Wvpp Mqthqk Aaxcs Gebqyt Zoy Hhq Hsugc Sgft Wefzj Xkhgiyrotdjnkn', 'CI', '', 1, '', NULL, NULL, NULL, 11, 2, 43, 12, 0, 2, 'reguler', 0, '', '2016-09-02 15:56:46', NULL, NULL),
	(25, 'G651110656', 'Yp Xdx', 3.63, '2011', '2011-09-01', '0000-00-00', 5, 'Ieur Gcuyt Xhtvqt Uqytr Acm Vbro Xsxd Qqjjfx Yzce Kmdjhdkq', '', '', 1, '', NULL, NULL, NULL, 11, 3, 32, 20, 0, 22, 'reguler', 0, '', '2016-09-02 15:56:46', NULL, NULL),
	(26, 'G651110762', 'Uprf Dbwj', 3.95, '2011', '2011-09-01', '2013-08-01', 5, 'Yuc Dkpzt Simt Jpwy Eark Fuh Wwsuaq Fbtmv Ruaio Vkorrnqq', 'CI', '', 1, '', NULL, NULL, NULL, 11, 3, 43, 7, 0, 2, 'reguler', 0, '', '2016-09-02 15:56:46', NULL, NULL),
	(27, 'G651110223', 'Gdjyq Hoze', 3.76, '2011', '2011-09-01', '0000-00-00', 5, 'Fegyl Mzlg Fllmoj Etesq Age Ibkpss Laumkq Xpiykd Nfnctj Rhivfxbmgw', '', '', 1, '', NULL, NULL, NULL, 11, 3, 43, 15, 0, 40, 'reguler', 0, '', '2016-09-02 15:56:46', NULL, NULL),
	(28, 'G651110203', 'Ej Cur', 3.76, '2011', '2011-09-01', '0000-00-00', 5, 'Piv Ifddxe Cymdf Phrog Pebtjr Gfiytz Pagp Ecxs Rimdd Gvjipcprqbkweg', '', '', 1, '', NULL, NULL, NULL, 11, 3, 2, 12, 0, 40, 'reguler', 0, '', '2016-09-02 15:56:46', NULL, NULL),
	(29, 'G651110838', 'Aa Ikamtgahke', 3.61, '2011', '2011-09-01', '0000-00-00', 5, 'Ucdj Trdql Epnaa Ytx Mtfxta Vekv Xcsf Hwi Unfp Qkeqqriq', '', '', 1, '', NULL, NULL, NULL, 11, 3, 2, 1, 0, 21, 'reguler', 0, '', '2016-09-02 15:56:46', NULL, NULL),
	(30, 'G651110676', 'Plu Ses', 3.95, '2011', '2011-09-01', '2013-07-01', 5, 'Fcwisp Ufspcs Hjxd Pqhuk Sfbsx Jet Nefsm Fsxz Yrpbjr Eyfddp', 'CI', '', 1, '', NULL, NULL, NULL, 11, 3, 2, 40, 0, 12, 'reguler', 0, '', '2016-09-02 15:56:46', NULL, NULL),
	(31, 'G651110865', 'Hf Yjzauwydu', 3.81, '2011', '2011-09-01', '0000-00-00', 5, 'Khfp Ebvlgv Mye Cayvn Casf Sxlt Mgu Vjjgg Nulvrw Gtavzqpbop', '', '', 1, '', NULL, NULL, NULL, 11, 3, 34, 12, 0, 40, 'reguler', 0, '', '2016-09-02 15:56:46', NULL, NULL),
	(32, 'G651110898', 'Oj Xvoo', 3.61, '2011', '2011-09-01', '2013-08-01', 5, 'Httsu Tmc Awgxg Qli Efnezk Axlqh Qgk Rxnohu Aux Arint', '', '', 1, '', NULL, NULL, NULL, 11, 3, 38, 2, 0, 49, 'reguler', 0, '', '2016-09-02 15:56:46', NULL, NULL),
	(34, 'G651114795', 'Dw Mhcjhjy', 3.43, '2011', '0000-00-00', '0000-00-00', 8, 'Dkr Sbh Yed Jiolun Gtaxcx Cvtr Fzihm Ojdmr Vgt Ymrwgbypfflq', 'SEIS', '', 1, '', NULL, NULL, NULL, 1, 2, 44, 22, 0, 0, 'reguler', 0, '', '2016-09-02 15:56:46', NULL, NULL),
	(35, 'G651114187', 'Oas Oqojjsleo', 3.13, '2011', '0000-00-00', '0000-00-00', 10, 'Vfpa Bfxwpj Che Ura Pmt Rxmes Bdn Auuyu Avacq Ubztudppdwwv', 'CI', '', 1, '', NULL, NULL, NULL, 11, 2, 43, 22, 0, 0, 'reguler', 0, '', '2016-09-02 15:56:46', NULL, NULL),
	(36, 'G651114476', 'Htljp Tzsdserx', 3.3, '2011', '0000-00-00', '0000-00-00', 10, 'Pkh Bsl Uyieid Tjmo Pfi Fxwvc Bxj Nekv Yhoujj Rkyozt', 'CI', '', 1, '', NULL, NULL, NULL, 10, 2, 43, 12, 0, 0, 'reguler', 0, '', '2016-09-02 15:56:46', NULL, NULL),
	(37, 'G651114852', 'Kij Jvzwj', 3.13, '2011', '0000-00-00', '0000-00-00', 10, 'Hhoqrm Ids Wufjkx Jab Zduhw Lqvt Bazyiw Jewftd Jkztm Frpagf', '', '', 1, '', NULL, NULL, NULL, 11, 2, 40, 20, 0, 0, 'reguler', 0, '', '2016-09-02 15:56:46', NULL, NULL),
	(38, 'G651114575', 'Doq Twblymqq', 3.95, '2011', '0000-00-00', '0000-00-00', 6, 'Lryxhu Bxj Qqjjfw Qsr Pphbm Ftzury Twcwum Zmje Kqwt Ilfugpkgzduoi', 'CI', '', 1, '', NULL, NULL, NULL, 11, 3, 43, 7, 0, 2, 'reguler', 0, '', '2016-09-02 15:56:46', NULL, NULL),
	(39, 'G651114258', 'Hoahk Ftfwiyvf', 3.9, '2011', '0000-00-00', '0000-00-00', 6, 'Bil Tci Dzpvmu Oms Heavk Ptxu Deo Gtagod Askkfv Ohubwh', 'AC', '', 1, '', NULL, NULL, NULL, 10, 3, 20, 40, 0, 0, 'reguler', 0, '', '2016-09-02 15:56:46', NULL, NULL),
	(40, 'G651110174', 'Phnn Bsmm', 3.66, '2011', '0000-00-00', '0000-00-00', 4, 'Vkl Uus Tful Bzuouf Uhai Tvy Tmd Swgpz Coka Rkztsxehv', 'SEIS', '', 1, '', NULL, NULL, NULL, 11, 3, 44, 22, 0, 40, 'reguler', 0, '', '2016-09-02 15:56:46', NULL, NULL),
	(42, 'G651090506', 'Hp Qacguba', 3.75, '2009', '0000-00-00', '0000-00-00', 8, 'Zsmi Noj Dnea Dscs Immgje Tft Ogo Yiwa Clxq Gllykui', '', '', 1, '', NULL, NULL, NULL, 15, 3, 2, 14, 0, 12, '', 0, '', '2016-09-02 15:56:46', NULL, NULL),
	(43, 'G651120884', 'Yqw Ixqyo', 3.89, '2012', '0000-00-00', '0000-00-00', 5, 'Iowoy Zahr Kbzgud Jkv Urbg Lmcoxw Piu Cepj Pufki Hoyyzn', '', '', 1, '', NULL, NULL, NULL, 11, 3, 2, 12, 0, 0, 'reguler', 0, '', '2016-09-02 15:56:46', NULL, NULL),
	(44, 'G651120698', 'Aml Zoz', 3.4, '2012', '0000-00-00', '0000-00-00', 7, 'Ibjdt Ikzml Qxqg Xvjb Axmqh Oahk Qzbp Vjhf Vlsk Bdlwx', '', '', 1, '', NULL, NULL, NULL, 6, 2, 21, 22, 0, 0, 'reguler', 0, '', '2016-09-02 15:56:46', NULL, NULL),
	(45, 'G651090486', 'Sees Zvfsfz', 3.42, '2009', '0000-00-00', '0000-00-00', 8, 'Ipytcc Hbm Rqdmde Lsemzl Fvkst Pvhaew Tch Upqr Len Grpagf', '', '', 1, '', NULL, NULL, NULL, 11, 3, 22, 40, 0, 2, '', 0, '', '2016-09-02 15:56:46', NULL, NULL),
	(46, 'G651120851', 'Dvyt Wbrw', 3.35, '2012', '0000-00-00', '0000-00-00', 7, 'Mtjod Asl Ognmbv Apwbr Geed Set Uif Uqu Baydx Edelro', '', '', 1, '', NULL, NULL, NULL, 8, 2, 51, 20, 0, 0, 'reguler', 0, '', '2016-09-02 15:56:46', NULL, NULL),
	(47, 'G651090943', 'Wt Hdvvgrrk', 3.08, '2009', '0000-00-00', '0000-00-00', 8, 'Jge Vxbad Sab Oixqe Zkallx Efnjyo Ybnf Yebew Uhealf Qoxxrqacnizz', '', '', 1, '', NULL, NULL, NULL, 11, 3, 42, 2, 0, 22, '', 0, '', '2016-09-02 15:56:46', NULL, NULL),
	(48, 'G651090237', 'Zp Yisswfn', 0, '2009', '0000-00-00', '0000-00-00', 8, 'Zxp Lnfs Fwt Ncw Arhte Rtta Ttkwws Azv Lprzb Iotcgwqoyywmvs', '', '', 1, '', NULL, NULL, NULL, 3, 4, 27, 17, 0, 0, '', 0, '', '2016-09-02 15:56:46', NULL, NULL),
	(49, 'G651120248', 'Xaj Berfnxcqa', 3.45, '2012', '0000-00-00', '0000-00-00', 5, 'Doj Gcs Wuja Xkg Pude Xyz Xbogo Aldo Nydrwl Ngroxmyecxiwh', '', '', 1, '', NULL, NULL, NULL, 11, 3, 22, 44, 0, 0, 'reguler', 0, '', '2016-09-02 15:56:46', NULL, NULL),
	(50, 'G651120747', 'Cm Zspaxmpqj', 3.1, '2012', '0000-00-00', '0000-00-00', 5, 'Vkkgpf Gqjuau Vsb Zggti Gjatyl Jnllzo Ujl Dltr Hlgzae Tgzducbxl', '', '', 1, '', NULL, NULL, NULL, 11, 3, 2, 22, 0, 0, 'reguler', 0, '', '2016-09-02 15:56:46', NULL, NULL),
	(51, 'G651120526', 'Vd Jjtqkdn', 3.23, '2012', '0000-00-00', '0000-00-00', 7, 'Mdflk Rcop Qlfyo Ybkano Ixmnde Kldx Vhbm Jnjv Apxgxu Encyj', '', '', 1, '', NULL, NULL, NULL, 5, 2, 51, 20, 0, 0, 'reguler', 0, '', '2016-09-02 15:56:46', NULL, NULL),
	(52, 'G651090341', 'En Pvkjfan', 3.67, '2009', '0000-00-00', '0000-00-00', 6, 'Quyf Tgxdjj Vbtmu Mznlk Sili Rlbrka Ypfw Lolpf Ixp Gsuwy', '', '', 1, '', NULL, NULL, NULL, 11, 3, 25, 36, 19, 41, '', 0, '', '2016-09-02 15:56:46', NULL, NULL),
	(53, 'G651120127', 'Nzv Dfpuy', 3.7, '2012', '0000-00-00', '0000-00-00', 5, 'Imos Skxb Eryis Noe Knj Ybmz Acnb Hgmoz Giu Trevqqbjpyyv', '', '', 1, '', NULL, NULL, NULL, 11, 3, 43, 2, 0, 0, 'reguler', 0, '', '2016-09-02 15:56:46', NULL, NULL),
	(55, 'G651090000', 'Kfncy Ixmacksk', 3.76, '2009', '0000-00-00', '0000-00-00', 6, 'Icm Jip Hja Cjpcci Fefdz Ouim Luovp Pbphyv Icpsl Cdiioiiqexzh', '', '', 1, '', NULL, NULL, NULL, 11, 3, 2, 28, 0, 53, '', 0, '', '2016-09-02 15:56:46', NULL, NULL),
	(56, 'G651120153', 'Wd Zrjarinsy', 3.5, '2012', '0000-00-00', '0000-00-00', 5, 'Ntejb Hdyp Ebuet Ihmz Mnd Frtokm Cbyjv Apxfta Vcaqb Ktnjjewwrwe', '', '', 1, '', NULL, NULL, NULL, 11, 3, 25, 22, 69, 0, 'reguler', 0, '', '2016-09-02 15:56:46', NULL, NULL),
	(57, 'G651120274', 'Nxqqe Apykmenyh', 3.38, '2012', '0000-00-00', '0000-00-00', 5, 'Jimm Ftzrg Glog Csipj Beqqz Bhiarj Ttldcz Pbpxk Erv Frqghymmarjr', '', '', 1, '', NULL, NULL, NULL, 11, 3, 44, 22, 0, 0, 'reguler', 0, '', '2016-09-02 15:56:46', NULL, NULL),
	(58, 'G651120956', 'Oxlup Nybkkwd', 3.4, '2012', '0000-00-00', '0000-00-00', 5, 'Kxgpx Uen Wdbcyj Cjmz Cni Gdyx Lni Ktni Mlvmyi Wjdokrfc', '', '', 1, '', NULL, NULL, NULL, 11, 3, 2, 21, 1, 0, 'reguler', 0, '', '2016-09-02 15:56:46', NULL, NULL),
	(59, 'G651120668', 'Zndl Uraytylmyg', 3.3, '2012', '0000-00-00', '0000-00-00', 5, 'Usdtt Njg Upsez Jxly Keob Hezl Sfy Xamx Svbpvf Qowpmfnxbl', '', '', 1, '', NULL, NULL, NULL, 11, 3, 20, 55, 0, 0, 'reguler', 0, '', '2016-09-02 15:56:46', NULL, NULL),
	(60, 'G651120661', 'Mqykg Blb', 3.44, '2012', '0000-00-00', '0000-00-00', 5, 'Cfuy Wqmx Eddg Httkj Ripcol Pqigqm Lwwpkg Dupcr Exxfru Zlgxvoodb', '', '', 1, '', NULL, NULL, NULL, 11, 3, 2, 22, 0, 0, 'reguler', 0, '', '2016-09-02 15:56:46', NULL, NULL),
	(61, 'G651120736', 'Zunsz Uzmvvr', 3.6, '2012', '0000-00-00', '0000-00-00', 5, 'Vyivum Znrtl Atte Jggxv Mwwdn Cxfm Dfsdcb Bcjk Nicnw Tftbdfnwuk', '', '', 1, '', NULL, NULL, NULL, 11, 3, 40, 56, 0, 0, 'reguler', 0, '', '2016-09-02 15:56:46', NULL, NULL),
	(62, 'G651120293', 'Xnyzd Rxqxm', 3.42, '2012', '0000-00-00', '0000-00-00', 5, 'Pwlpg Kjq Jqcnz Hmos Uvs Bdoe Vohicl Xgp Yityfh Rpyzcjevnf', '', '', 1, '', NULL, NULL, NULL, 11, 3, 22, 42, 0, 0, 'reguler', 0, '', '2016-09-02 15:56:46', NULL, NULL),
	(63, 'G651120640', 'Rxws Bcixki', 3.25, '2012', '0000-00-00', '0000-00-00', 7, 'Nwus Gcuoc Sinfl Oloh Gia Esawkm Deo Nvqpv Jjtvj Fbqaf', 'AC', '', 1, '', NULL, NULL, NULL, 5, 2, 21, 22, 0, 0, 'reguler', 0, '', '2016-09-02 15:56:46', NULL, NULL),
	(64, 'G651120782', 'Jwt Ymn', 3.35, '2012', '0000-00-00', '0000-00-00', 5, 'Mgwbr Hiv Cfrvwv Lwy Vulydx Dznhv Dha Dasb Yqirg Ctnhypiuxgpcu', '', '', 1, '', NULL, NULL, NULL, 11, 3, 2, 12, 0, 0, 'reguler', 0, '', '2016-09-02 15:56:46', NULL, NULL),
	(65, 'G651120468', 'Bycs Fwvupp', 3.33, '2012', '0000-00-00', '0000-00-00', 5, 'Rab Akw Kkudn Izzubz Qiuziq Eziari Qdsd Wydmcc Dmwiqf Fllzp', 'NCC', '', 1, '', NULL, NULL, NULL, 11, 3, 20, 57, 0, 0, 'reguler', 0, '', '2016-09-02 15:56:46', NULL, NULL),
	(66, 'G651120644', 'Fi Clw', 3.28, '2012', '0000-00-00', '0000-00-00', 5, 'Jusi Vbumde Lrdsq Cmel Zqdbpt Bxmoa Jwd Ypcfa Jwd Xjdpo', '', '', 1, '', NULL, NULL, NULL, 11, 3, 20, 58, 0, 0, 'reguler', 0, '', '2016-09-02 15:56:46', NULL, NULL),
	(67, 'G651120753', 'No Gssqmne', 3.7, '2012', '0000-00-00', '0000-00-00', 7, 'Jwghr Kbziyw Nzkqhp Bnkf Qlit Rcljay Rnox Oamx Uen Qdumajvbutl', '', '', 1, '', NULL, NULL, NULL, 5, 2, 22, 40, 0, 0, 'reguler', 0, '', '2016-09-02 15:56:46', NULL, NULL),
	(68, 'G651120866', 'Hydha Iljwfm', 4, '2012', '0000-00-00', '0000-00-00', 5, 'Wbsw Buumr Zxp Aqdkut Iirh Blaop Kfvu Pphct Jou Uhagfzxp', '', '', 1, '', NULL, NULL, NULL, 11, 3, 44, 22, 0, 0, 'reguler', 0, '', '2016-09-02 15:56:46', NULL, NULL),
	(69, 'G651100545', 'Uknjh Hpdsdohvf', 0, '2010', '0000-00-00', '0000-00-00', 7, 'Fizudg Xudi Qex Ophec Xfi Fajfmu Kqa Ulw Mknm Dhbkvzhmmaskz', '', '', 1, '', NULL, NULL, NULL, 15, 3, 2, 44, 0, 12, '', 0, '', '2016-09-02 15:56:46', NULL, NULL),
	(70, 'G651120316', 'Odljm Jhj', 3.85, '2012', '0000-00-00', '0000-00-00', 5, 'Qiqj Dlx Dccb Kynay Qkch Nrv Vyhgj Ckuad Oln Qmlwwoiaazzwk', '', '', 1, '', NULL, NULL, NULL, 11, 3, 20, 55, 0, 0, 'reguler', 0, '', '2016-09-02 15:56:46', NULL, NULL),
	(71, 'G651100984', 'Ch Cvwuieamkn', 0, '2010', '0000-00-00', '0000-00-00', 13, 'Kvzz Rnn Qcnf Ydx Jtsl Fswy Rrhc Jnljn Napwof Kkuumf', '', '', 1, '', NULL, NULL, NULL, 0, 2, 44, 20, 0, 0, '', 0, '', '2016-09-02 15:56:46', NULL, NULL),
	(72, 'G651120411', 'Kkvrw Ibjwofl', 3.7, '2012', '0000-00-00', '0000-00-00', 5, 'Svbzis Nmx Micrq Dvqwdy Jaxdw Amh Kvzw Gphpv Jhjubx Kgajtkvxakzq', '', '', 1, '', NULL, NULL, NULL, 11, 3, 20, 58, 0, 0, 'reguler', 0, '', '2016-09-02 15:56:46', NULL, NULL),
	(73, 'G651120082', 'Omuc Avdm', 3.45, '2012', '0000-00-00', '0000-00-00', 5, 'Hoy Kvyl Lwzt Uqtdcb Zuya Xockw Edego Bnmrzw Jfy Jtpstufrttm', 'CI', '', 1, '', NULL, NULL, NULL, 11, 3, 43, 22, 0, 0, 'reguler', 0, '', '2016-09-02 15:56:46', NULL, NULL),
	(74, 'G651100460', 'Wy Xze', 0, '2010', '0000-00-00', '0000-00-00', 6, 'Ejipm Nhv Rtsi Tutj Xjbg Izyqb Kvy Btqqkb Fui Eddhdktmdifd', '', '', 1, '', NULL, NULL, NULL, 11, 3, 34, 59, 0, 2, '', 0, '', '2016-09-02 15:56:46', NULL, NULL),
	(75, 'G651120135', 'Pyvgw Nangqhq', 3.9, '2012', '0000-00-00', '0000-00-00', 6, 'Yjygm Pqhaj Uupos Ymqbxi Azxgl Nhu Epmhw Klc Uyhff Lpqlia', '', '', 1, '', NULL, NULL, NULL, 10, 3, 21, 26, 0, 0, 'reguler', 0, '', '2016-09-02 15:56:46', NULL, NULL),
	(76, 'G651100489', 'Hmrn Mwxahlfvna', 0, '2010', '0000-00-00', '0000-00-00', 6, 'Pwo Gtzze Zitdq Tyli Qeam Wzhk Rds Jmke Odatku Tlwaoxhuccdk', '', '', 1, '', NULL, NULL, NULL, 11, 3, 38, 60, 0, 21, '', 0, '', '2016-09-02 15:56:46', NULL, NULL),
	(77, 'G651100176', 'Pywlp Qlh', 3.82, '2010', '0000-00-00', '0000-00-00', 13, 'Qbg Osvfgs Rjsi Exz Algwof Jgbbj Pwo Zpydsc Kresaa Berwhrqdtjoruw', '', '', 1, '', NULL, NULL, NULL, 11, 2, 8, 40, 0, 22, '', 0, '', '2016-09-02 15:56:46', NULL, NULL),
	(78, 'G651100852', 'Qydhb Kweue', 3.72, '2010', '0000-00-00', '0000-00-00', 13, 'Yfd Rhk Qpf Lmda Eukfy Dwwgzb Jqevqp Ear Aoswyb Ophspieyfdcbz', '', '', 1, '', NULL, NULL, NULL, 11, 2, 26, 39, 0, 22, '', 0, '', '2016-09-02 15:56:46', NULL, NULL),
	(79, 'G651100230', 'Kpri Owryhqiuw', 3.32, '2010', '0000-00-00', '0000-00-00', 13, 'Sosjfv Ojdfo Eczlc Fsybo Qkgywn Zhq Czpyyy Tbxm Cyneo Grmnesv', '', '', 1, '', NULL, NULL, NULL, 11, 2, 42, 2, 0, 22, '', 0, '', '2016-09-02 15:56:46', NULL, NULL),
	(80, 'G651110204', 'Aoke Tcipa', 3.35, '2011', '0000-00-00', '0000-00-00', 8, 'Zmjw Cary Nuip Bkxp Ecx Klx Lpo Vun Haf Nmvsbwq', '', '', 1, '', NULL, NULL, NULL, 5, 2, 25, 61, 44, 0, '', 0, '', '2016-09-02 15:56:46', NULL, NULL),
	(81, 'G651110977', 'Hilmf Mtiyoa', 3.35, '2011', '0000-00-00', '0000-00-00', 8, 'Oyy Drxit Vvrhxo Dyigtw Flpke Ohtfib Immtfw Tbapfh Udh Jqezhxvnao', '', '', 1, '', NULL, NULL, NULL, 15, 3, 44, 40, 0, 22, '', 0, '', '2016-09-02 15:56:46', NULL, NULL),
	(82, 'G651110602', 'Lb Wibkd', 3.72, '2011', '0000-00-00', '0000-00-00', 8, 'Swfk Vxz Eej Dyj Xpdotb Zvfda Slbrnp Kgz Amlad Ojgcuocwyb', '', '', 1, '', NULL, NULL, NULL, 10, 3, 38, 2, 0, 21, '', 0, '', '2016-09-02 15:56:46', NULL, NULL),
	(83, 'G651110855', 'Kpbzr Mkowwq', 3.69, '2011', '0000-00-00', '0000-00-00', 8, 'Oqoftd Kqynzh Ozethd Wvrwbq Cnkm Kpva Fzihm Ncacbw Eibp Yxqowjclxe', '', '', 1, '', NULL, NULL, NULL, 0, 2, 40, 38, 0, 0, '', 0, '', '2016-09-02 15:56:46', NULL, NULL),
	(84, 'G651110720', 'Snzl Gzddqspv', 3.47, '2011', '0000-00-00', '0000-00-00', 8, 'Casxt Yoy Lzq Brf Midpms Aysgh Spxuw Xxu Rvd Mxami', '', '', 1, '', NULL, NULL, NULL, 15, 3, 32, 20, 0, 37, '', 0, '', '2016-09-02 15:56:46', NULL, NULL),
	(85, 'G651110407', 'Jjgh Stozgkf', 3.1, '2011', '0000-00-00', '0000-00-00', 8, 'Nice Knky Ljl Jkyxu Gyxzp Dwy Mfrre Wvmkaa Yqjrmk Psvbtrnrwg', '', '', 1, '', NULL, NULL, NULL, 0, 2, 20, 44, 0, 0, '', 0, '', '2016-09-02 15:56:46', NULL, NULL),
	(86, 'G651110889', 'Xyofh Wlqcbzsou', 3, '2011', '0000-00-00', '0000-00-00', 8, 'Qnob Dpp Wzhui Gixyd Wxwov Pllwxv Lun Namg Fhu Bbeqqiw', '', '', 1, '', NULL, NULL, NULL, 4, 2, 44, 40, 0, 0, '', 0, '', '2016-09-02 15:56:46', NULL, NULL),
	(87, 'G651114149', 'Gux Rtticnf', 3.69, '2011', '0000-00-00', '0000-00-00', 7, 'Klazmm Yhrh Compnw Rwhzrk Zuw Tni Hitrbe Sbcg Jdow Nwxvmhoajtqwod', '', '', 1, '', NULL, NULL, NULL, 11, 3, 25, 62, 0, 22, '', 0, '', '2016-09-02 15:56:46', NULL, NULL),
	(88, 'G651120649', 'Pk Ikzgkgzf', 0, '2012', '0000-00-00', '0000-00-00', 2, 'Znpl Xdbeej Iouy Wofm Bynjlb Yqjkhg Jdoc Mdhtzq Hoxvkn Lrxqkr', '', '', 1, '', NULL, NULL, NULL, 1, 5, 0, 0, 0, 0, '', 0, '', '2016-09-02 15:56:46', NULL, NULL),
	(89, 'G651120656', 'Brh Rnn', 3.25, '2012', '0000-00-00', '0000-00-00', 6, 'Uygxx Tbb Eszrg Fjce Hzz Ikafod Bvzk Oodmmy Fgrvm Yirkbubvygntgx', '', '', 1, '', NULL, NULL, NULL, 1, 2, 22, 40, 0, 0, '', 0, '', '2016-09-02 15:56:46', NULL, NULL),
	(90, 'G651120621', 'Vx Qxrhnrwi', 3.9, '2012', '0000-00-00', '0000-00-00', 6, 'Xsuakz Qghbwd Fnatb Cgz Nhwzj Vdew Xzewqq Gkhk Gakmqr Mkooeg', '', '', 1, '', NULL, NULL, NULL, 15, 3, 22, 67, 0, 25, '', 34, '', '2016-09-02 15:56:46', NULL, NULL),
	(91, 'G651120818', 'Yu Guie', 3.24, '2012', '0000-00-00', '0000-00-00', 6, 'Vjiyx Swgmk Nnzc Hdtt Ptzfd Atqtxi Xoako Phrqq Fcyl Usdlyerwh', '', '', 1, '', NULL, NULL, NULL, 3, 2, 40, 22, 0, 0, '', 0, '', '2016-09-02 15:56:46', NULL, NULL),
	(92, 'G651120384', 'Cahub Axkjw', 3.65, '2012', '0000-00-00', '0000-00-00', 7, 'Xqlg Flm Xjeyr Oszoq Mmamh Yyvw Piu Wflpf Huapw Nanplosv', '', '', 1, '', NULL, NULL, NULL, 10, 2, 22, 67, 0, 40, '', 0, '', '2016-09-02 15:56:46', NULL, NULL),
	(93, 'G651120418', 'Ehytz Rlfozdum', 3.11, '2012', '0000-00-00', '0000-00-00', 6, 'Zkc Yywcx Egqrv Cauzhn Sbds Kvx Vscr Fbq Dratxh Sskyljwf', '', '', 1, '', NULL, NULL, NULL, 3, 2, 51, 20, 0, 0, '', 0, '', '2016-09-02 15:56:46', NULL, NULL),
	(94, 'G651120453', 'Asc Dkpfqqdww', 3.35, '2012', '0000-00-00', '0000-00-00', 6, 'Nzgs Tqyzqg Kerhyt Ylir Hoybku Vsa Dpo Jux Orse Ofmqvn', '', '', 1, '', NULL, NULL, NULL, 3, 2, 21, 10, 0, 0, '', 0, '', '2016-09-02 15:56:46', NULL, NULL),
	(95, 'G651120002', 'Tfmyf Floryr', 3.81, '2012', '0000-00-00', '0000-00-00', 6, 'Algsvb Wdann Xcsm Iipcoo Brepmr Xlplg Wpk Qqjrkz Vbw Vydxbafbnmv', '', '', 1, '', NULL, NULL, NULL, 11, 3, 12, 21, 0, 40, '', 35, '', '2016-09-02 15:56:46', NULL, NULL),
	(96, 'G651120733', 'Pxav Dfpfui', 3.87, '2012', '0000-00-00', '0000-00-00', 6, 'Qspswf Lppp Cqxuv Vqtkx Ivgawg Oed Ayri Iot Ognduo Jgeddsy', '', '', 1, '', NULL, NULL, NULL, 6, 2, 22, 68, 0, 0, '', 0, '', '2016-09-02 15:56:46', NULL, NULL),
	(97, 'G651120623', 'Fd Cen', 3.47, '2012', '0000-00-00', '0000-00-00', 6, 'Nvmitt Pqk Tft Gajtkt Mgsxcu Pqmn Lprdu Mdd Wnand Dgwmxhntdjnocx', '', '', 1, '', NULL, NULL, NULL, 15, 3, 2, 12, 0, 22, '', 0, '', '2016-09-02 15:56:46', NULL, NULL),
	(98, 'G651120141', 'Tqobo Tayzeao', 3.7, '2012', '0000-00-00', '0000-00-00', 6, 'Hpfv Fofd Ryp Jfviy Uaw Celku Tkuwj Gdym Pqile Manrsvjggn', '', '', 1, '', NULL, NULL, NULL, 1, 2, 20, 40, 0, 0, '', 0, '', '2016-09-02 15:56:46', NULL, NULL),
	(99, 'G651120826', 'Syea Nqooiyucb', 3.08, '2012', '0000-00-00', '0000-00-00', 6, 'Tft Wqoqoy Zds Pobyw Lop Htym Bwczld Kqz Eumebv Yhqffcks', '', '', 1, '', NULL, NULL, NULL, 1, 2, 0, 0, 0, 0, '', 0, '', '2016-09-02 15:56:46', NULL, NULL),
	(100, 'G651120415', 'Azcbb Che', 3.7, '2012', '0000-00-00', '0000-00-00', 6, 'Ldfzt Tnkr Fancw Zjxq Uyk Pnuw Yfchsq Dra Bfwxk Ilgywhrnnb', '', '', 1, '', NULL, NULL, NULL, 11, 3, 20, 40, 0, 37, '', 32, '', '2016-09-02 15:56:46', NULL, NULL),
	(101, 'G651120177', 'Qcsv Wxzw', 3.6, '2012', '0000-00-00', '0000-00-00', 5, 'Usezt Xfi Gbpjgd Yiumok Fvox Qlgxrr Kxkd Wwvt Nhvd Rabgdpqlgxvj', '', '', 1, '', NULL, NULL, NULL, 11, 3, 40, 22, 0, 0, 'reguler', 0, '', '2016-09-02 15:56:46', NULL, NULL),
	(102, 'G651120526', 'Tgyxs Xkfluppgm', 3.66, '2012', '0000-00-00', '0000-00-00', 5, 'Kwe Jiolrc Jqaf Jbfsax Mrysj Utm Byogjy Rpxeoe Hwnaky Moizxakzux', '', '', 1, '', NULL, NULL, NULL, 11, 3, 21, 10, 0, 0, 'reguler', 0, '', '2016-09-02 15:56:46', NULL, NULL),
	(103, 'G651120566', 'Qu Tpt', 3.95, '2012', '0000-00-00', '0000-00-00', 5, 'Ecyrx Mqsag Ffntep Nujf Qpbko Lpsez Kzsyy Vhxaxi Adnw Lscmaiovoeh', 'CI', '', 1, '', NULL, NULL, NULL, 11, 3, 43, 63, 0, 0, 'reguler', 0, '', '2016-09-02 15:56:46', NULL, NULL),
	(104, 'G651120579', 'Wfn Ickyfhrpz', 3.95, '2012', '0000-00-00', '0000-00-00', 7, 'Xsw Deo Ibih Afbcl Auwzdv Rvc Vcxt Vwxtce Qrkuyk Doiytivgtzsqbj', '', '', 1, '', NULL, NULL, NULL, 11, 2, 20, 64, 0, 0, 'reguler', 0, '', '2016-09-02 15:56:46', NULL, NULL),
	(105, 'G651120655', 'Dpus Eumgnvncxh', 4, '2012', '0000-00-00', '0000-00-00', 5, 'Qdtp Yufpc Sgcnic Mbw Nxz Qveq Xqjvgs Wcxr Nnaug Yxqlkdprpzb', 'AC', '', 1, '', NULL, NULL, NULL, 11, 3, 40, 50, 0, 0, 'reguler', 0, '', '2016-09-02 15:56:46', NULL, NULL),
	(106, 'G651120433', 'Twleq Pbmae', 3.95, '2012', '0000-00-00', '0000-00-00', 5, 'Imjb Yqhp Pctv Wwt Qsowd Ekl Emzy Pfed Ony Nlrysuokinnd', '', '', 1, '', NULL, NULL, NULL, 11, 3, 2, 12, 0, 0, 'reguler', 0, '', '2016-09-02 15:56:46', NULL, NULL),
	(107, 'G651120638', 'Ulxzd Tkra', 3.95, '2012', '0000-00-00', '0000-00-00', 9, 'Atqswe Gtzir Ipz Vrv Ekpdha Fcuql Iiq Raco Sxj Fzfcxd', '', '', 1, '', NULL, NULL, NULL, 8, 2, 43, 7, 73, 0, 'reguler', 0, '', '2016-09-02 15:56:46', NULL, NULL),
	(108, 'G651120327', 'Lde Aot', 3.85, '2012', '0000-00-00', '0000-00-00', 5, 'Dif Vwxwof Hytjbf Yzcnw Teqnp Iwle Ifak Ood Tra Vqpctfmun', '', '', 1, '', NULL, NULL, NULL, 11, 3, 43, 22, 0, 0, 'reguler', 0, '', '2016-09-02 15:56:46', NULL, NULL),
	(109, 'G651120260', 'Dkad Saa', 3.47, '2012', '0000-00-00', '0000-00-00', 9, 'Hwka Uyhec Wbq Kxfc Kvvub Weffk Hffh Iuzrv Cyla Pzdsfmzkdmbtq', '', '', 1, '', NULL, NULL, NULL, 11, 2, 21, 65, 0, 0, 'reguler', 0, '', '2016-09-02 15:56:46', NULL, NULL),
	(110, 'G651120966', 'Bgggm Rwjgk', 3.47, '2012', '0000-00-00', '0000-00-00', 5, 'Wkkhrm Ltkses Zwi Hhnqpd Vtg Ldgltk Tprbk Xjzpef Kkxp Gjfvotv', '', '', 1, '', NULL, NULL, NULL, 11, 3, 21, 66, 0, 0, 'reguler', 0, '', '2016-09-02 15:56:46', NULL, NULL),
	(111, 'G651120914', 'Jnzm Ihnpbmi', 3.38, '2012', '0000-00-00', '0000-00-00', 7, 'Anpc Ikyyd Til Tepb Heys Oqp Iqcwl Qwmbe Uijxcv Unfnakpta', '', '', 1, '', NULL, NULL, NULL, 5, 2, 21, 66, 0, 0, 'reguler', 0, '', '2016-09-02 15:56:46', NULL, NULL),
	(112, 'G651120811', 'Cm Hzz', 3.41, '2012', '0000-00-00', '0000-00-00', 9, 'Varp Yyxva Rfbmf Nzk Jjv Yiysl Zrkoya Fbsn Rvald Ifbshysp', '', '', 1, '', NULL, NULL, NULL, 10, 2, 21, 22, 0, 0, 'reguler', 0, '', '2016-09-02 15:56:46', NULL, NULL),
	(113, 'G651120251', 'Dpiv Delikbaa', 3.61, '2012', '0000-00-00', '0000-00-00', 5, 'Xqpewv Mygd Pqish Hqisi Nrsrp Bmh Dqsez Hmol Vwwci Ghroutc', '', '', 1, '', NULL, NULL, NULL, 11, 3, 40, 20, 0, 0, 'reguler', 0, '', '2016-09-02 15:56:46', NULL, NULL),
	(114, 'G651120127', 'Ch Apvuoj', 3.44, '2012', '0000-00-00', '0000-00-00', 5, 'Fui Zjw Jfax Jfwsp Wmwuif Daq Wxz Radjf Ydsf Flomrpgjervfoe', '', '', 1, '', NULL, NULL, NULL, 11, 3, 22, 40, 78, 0, 'reguler', 0, '', '2016-09-02 15:56:46', NULL, NULL),
	(115, 'G651120442', 'Es Etepbnj', 3.47, '2012', '0000-00-00', '0000-00-00', 5, 'Eibq Ahk Bfvfm Unfzg Iytxzf Ficb Ykhj Abejnk Nkl Soqpycnjdseqtw', 'SEIS', '', 1, '', NULL, NULL, NULL, 11, 3, 22, 40, 0, 0, 'reguler', 0, '', '2016-09-02 15:56:46', NULL, NULL),
	(116, 'G651120727', 'Ims Hiv', 3.56, '2012', '0000-00-00', '0000-00-00', 5, 'Cuto Tzq Gochh Ozgs Rfdnqr Mhbd Gugrtr Ewui Pbne Unfmucylk', '', '', 1, '', NULL, NULL, NULL, 11, 3, 21, 66, 0, 0, 'reguler', 0, '', '2016-09-02 15:56:46', NULL, NULL),
	(117, 'G651130085', 'Yln Phtjaaytvx', 3.84, '2012', '0000-00-00', '0000-00-00', 5, 'Qzbm Jiq Sge Npmoz Fegxj Dlyc Gakanq Ovn Vwviz Xocvwhdwvojb', '', '', 1, '', NULL, NULL, NULL, 11, 3, 2, 1, 0, 0, 'reguler', 0, '', '2016-09-02 15:56:46', NULL, NULL),
	(118, 'G651130753', 'Ajvul Xeedq', 0, '2012', '0000-00-00', '0000-00-00', 5, 'Iirh Afz Htya Cik Zuasgc Vuldzm Kpsiyt Xixo Nwsror Riqffevn', '', '', 1, '', NULL, NULL, NULL, 3, 2, 40, 56, 0, 0, '', 0, '', '2016-09-02 15:56:46', NULL, NULL),
	(119, 'G651130029', 'Wj Dyitlbzq', 3.94, '2012', '0000-00-00', '0000-00-00', 5, 'Fobyu End Rkyal Bxmmt Fwssqb Jripk Fwqjw Hwjo Ugxwg Phoyagm', '', '', 1, '', NULL, NULL, NULL, 11, 3, 44, 38, 0, 0, 'reguler', 0, '', '2016-09-02 15:56:46', NULL, NULL),
	(120, 'G651130180', 'Iuwui Hnt', 3.54, '2013', '0000-00-00', '0000-00-00', 5, 'Qssd Fsv Ekody Hroox Uha Ffnwsz Rmkvi Cnhxql Jldl Ekptywrvdb', 'CI', '', 1, '', NULL, NULL, NULL, 8, 2, 43, 77, 0, 0, 'reguler', 0, '', '2016-09-02 15:56:46', NULL, NULL),
	(121, 'G651130548', 'Hdoje Uksec', 3.54, '2013', '0000-00-00', '0000-00-00', 5, 'Awgke Ruzug Wod Gxrcp Ssl Xjenbv Xajxff Mtjrt Tmfhp Gljoqagitu', '', '', 1, '', NULL, NULL, NULL, 10, 2, 44, 22, 0, 0, 'reguler', 0, '', '2016-09-02 15:56:46', NULL, NULL),
	(122, 'G651130727', 'Ynbc Joqqqgj', 3.42, '2013', '0000-00-00', '0000-00-00', 5, 'Tjmt Jqbs Jsl Yoy Rab Xyz Ewt Qpcza Evn Obotzqyvjhkb', '', '', 1, '', NULL, NULL, NULL, 10, 2, 20, 32, 0, 0, 'reguler', 0, '', '2016-09-02 15:56:46', NULL, NULL),
	(123, 'G651130267', 'Ckjt Qwnxvncxee', 3.71, '2013', '0000-00-00', '0000-00-00', 5, 'Fukpk Cjl Tdlhg Lkr Qtvffl Quaqx Rsm Sxk Bmh Ewsaxmbym', '', '', 1, '', NULL, NULL, NULL, 5, 2, 38, 20, 0, 0, 'reguler', 0, '', '2016-09-02 15:56:46', NULL, NULL),
	(124, 'G651130944', 'Jf Vtifug', 3.61, '2013', '0000-00-00', '0000-00-00', 4, 'Nflwk Mcc Ugvzl Eqp Nmxcry Vhyicm Cayvp Khgd Oixli Hkfuhy', '', '', 1, '', NULL, NULL, NULL, 11, 2, 40, 79, 0, 0, 'reguler', 0, '', '2016-09-02 15:56:46', NULL, NULL),
	(125, 'G651130767', 'Xrsg Fgo', 3.89, '2013', '0000-00-00', '0000-00-00', 4, 'Gixv Ojdmq Ssl Cdkfa Jvzn Czorso Qoyyxq Kdow Idrwkj Qbktro', '', '', 1, '', NULL, NULL, NULL, 11, 2, 38, 76, 0, 0, 'reguler', 0, '', '2016-09-02 15:56:46', NULL, NULL),
	(126, 'G651130825', 'Qyhae Xxvvth', 3.37, '2013', '0000-00-00', '0000-00-00', 5, 'Mqtcxg Nwue Wxxav Caws Skxb Heczle Ogqv Ccdn Kmgcen Ddhcml', '', '', 1, '', NULL, NULL, NULL, 11, 2, 22, 20, 0, 0, 'reguler', 0, '', '2016-09-02 15:56:46', NULL, NULL),
	(127, 'G651130935', 'Dxhnr Vcacykfuj', 3.72, '2013', '0000-00-00', '0000-00-00', 4, 'Serqhq Jvaip Yzdzv Fqlp Ucdq Ywldo Llzbn Icpda Qdtk Zsqzchwnam', '', '', 1, '', NULL, NULL, NULL, 11, 2, 40, 2, 0, 0, 'reguler', 0, '', '2016-09-02 15:56:46', NULL, NULL),
	(128, 'G651130746', 'Kaxfg Rotl', 3.83, '2013', '0000-00-00', '0000-00-00', 4, 'Hblnqr Mjjiq Dtkkx Jaa Gbm Pixhp Boqg Ahmz Mmzh Ainswwj', '', '', 1, '', NULL, NULL, NULL, 11, 2, 21, 66, 0, 0, 'reguler', 0, '', '2016-09-02 15:56:46', NULL, NULL),
	(129, 'G651130985', 'Tkld Gxvex', 3.42, '2013', '0000-00-00', '0000-00-00', 5, 'Imlnhw Nxcxr Qezf Syo Mgxxk Gze Nncdcb Ymrdfs Wdc Ypffmzwlnjg', '', '', 1, '', NULL, NULL, NULL, 5, 2, 20, 37, 0, 0, 'reguler', 0, '', '2016-09-02 15:56:46', NULL, NULL),
	(130, 'G651130888', 'Al Wei', 3.25, '2013', '0000-00-00', '0000-00-00', 5, 'Ebsji Npk Tdn Pfghp Dwx Jtr Eulybo Pgmfw Swggo Xxtbzbvzmmygj', '', '', 1, '', NULL, NULL, NULL, 11, 2, 43, 12, 0, 0, 'reguler', 0, '', '2016-09-02 15:56:46', NULL, NULL),
	(131, 'G651130662', 'Jpufp Liinmwxx', 3.72, '2013', '0000-00-00', '0000-00-00', 4, 'Cktln Hyt Uwy Vrypy Xrrw Fkkwwt Dmys Qzz Ino Nyblayjyrnogo', '', '', 1, '', NULL, NULL, NULL, 11, 2, 40, 2, 0, 0, 'reguler', 0, '', '2016-09-02 15:56:46', NULL, NULL),
	(132, 'G651130366', 'Ufuv Vpnqqglkq', 3.28, '2013', '0000-00-00', '0000-00-00', 4, 'Aldb Nha Wtdm Hbkgoc Vvoe Ujonr Uaq Ziuvru Buw Jxhvekwc', '', '', 1, '', NULL, NULL, NULL, 11, 2, 40, 2, 0, 0, 'reguler', 0, '', '2016-09-02 15:56:46', NULL, NULL),
	(133, 'G651130176', 'Adxp Eei', 3.42, '2013', '0000-00-00', '0000-00-00', 4, 'Waly Yvkms Fwrzmn Cylq Xsulat Tlyj Lfpo Jcm Pbm Knjiojlattnjh', '', '', 1, '', NULL, NULL, NULL, 11, 2, 43, 77, 0, 0, 'reguler', 0, '', '2016-09-02 15:56:46', NULL, NULL),
	(134, 'G651130778', 'Jq Rzvs', 3.71, '2013', '0000-00-00', '0000-00-00', 5, 'Hntc Ses Jpt Epmrl Dmx Vum Torex Ajurxm Sclsgb Mfrrk', '', '', 1, '', NULL, NULL, NULL, 5, 2, 22, 47, 0, 0, 'reguler', 0, '', '2016-09-02 15:56:46', NULL, NULL),
	(135, 'G651130867', 'Weu Digvd', 3.77, '2013', '0000-00-00', '0000-00-00', 4, 'Uzl Xvlktn Icnz Ytzmi Ewt Wpk Sysdu Nfkid Racl Djmiddpmsdoh', '', '', 1, '', NULL, NULL, NULL, 11, 2, 32, 20, 0, 0, 'reguler', 0, '', '2016-09-02 15:56:46', NULL, NULL),
	(136, 'G651130180', 'Gwli Ipz', 3.31, '2013', '0000-00-00', '0000-00-00', 5, 'Uav Rhlc Profsz Tvuki Mihn Fms Uks Bpws Gbmc Olmempqhpdxbq', '', '', 1, '', NULL, NULL, NULL, 5, 2, 20, 37, 0, 0, 'reguler', 0, '', '2016-09-02 15:56:46', NULL, NULL),
	(137, 'G651130648', 'Mghaf Brdaackq', 3.42, '2013', '0000-00-00', '0000-00-00', 4, 'Adpdx Dxe Idqhxp Jyttjn Pixwv Oixs Cil Jmi Mdgofl Pozebjtoqkfv', '', '', 1, '', NULL, NULL, NULL, 11, 2, 22, 2, 83, 0, 'reguler', 0, '', '2016-09-02 15:56:46', NULL, NULL),
	(138, 'G651130055', 'Bhv Bxhznqttm', 3.13, '2013', '0000-00-00', '0000-00-00', 6, 'Ofloz Isno Qjzvw Xwslks Laslr Ckudn Iysbtp Svzx Lolb Xgphrzux', '', '', 1, '', NULL, NULL, NULL, 1, 4, 0, 0, 0, 0, 'reguler', 0, '', '2016-09-02 15:56:46', NULL, NULL),
	(139, 'G651138111', 'Eknz Hmpterw', 3.33, '2013', '0000-00-00', '0000-00-00', 8, 'Dzli Pcqtzr Ismg Dbumel Scm Xjcm Iezk Eryfe Gvi Qtwbrx', '', '', 1, '', NULL, NULL, NULL, 5, 1, 22, 44, 0, 0, 'reguler', 0, '', '2016-09-02 15:56:46', NULL, NULL),
	(140, 'G651130267', 'Hwxz Ggllmcb', 3.02, '2013', '0000-00-00', '0000-00-00', 5, 'Bnmycq Yubjcm Cyla Smi Prq Ooad Jjvhqg Ljprtq Ador Ayuavjwizwmvsa', '', '', 1, '', NULL, NULL, NULL, 4, 2, 34, 84, 0, 0, 'reguler', 0, '', '2016-09-02 15:56:46', NULL, NULL),
	(141, 'G651130628', 'Yowpl Ktmn', 3.37, '2013', '0000-00-00', '0000-00-00', 5, 'Aytcut Lxfh Giyli Iqehns Aazocs Jsjle Naowg Phrz Vcyuk Pvjjtobrdt', '', '', 1, '', NULL, NULL, NULL, 5, 2, 22, 82, 0, 0, 'reguler', 0, '', '2016-09-02 15:56:46', NULL, NULL),
	(142, 'G651130041', 'Btst Racbvb', 3.78, '2013', '0000-00-00', '0000-00-00', 4, 'Hhlo Qnua Hiv Lprez Jxmlp Nycub Xjb Zgfa Dolb Wfjdss', '', '', 1, '', NULL, NULL, NULL, 11, 2, 44, 2, 0, 0, 'reguler', 0, '', '2016-09-02 15:56:46', NULL, NULL),
	(143, 'G651130265', 'Sm Tcfvasky', 3.48, '2013', '0000-00-00', '0000-00-00', 5, 'Che Orugjf Zfbbh Kcgyzz Ywndwz Hlkfa Nlts Lzouep Mqtcwz Kcerubtmdfsvc', '', '', 1, '', NULL, NULL, NULL, 11, 2, 43, 12, 0, 0, 'reguler', 0, '', '2016-09-02 15:56:46', NULL, NULL),
	(144, 'G651130036', 'Oxwpi Ypheanp', 3.06, '2013', '0000-00-00', '0000-00-00', 4, 'Zpcyt Xixt Fxxwd Dha Und Axmxl Memim Ihjobp Ucfgwo Fjfalp', '', '', 1, '', NULL, NULL, NULL, 11, 2, 22, 2, 0, 0, 'reguler', 0, '', '2016-09-02 15:56:46', NULL, NULL),
	(145, 'G651130497', 'Kg Lav', 3.94, '2013', '0000-00-00', '0000-00-00', 4, 'Ixmer Xkkmg Vjkyfe Hzywc Xgp Jdpyd Vquoui Ipbkn Jhjlne Jhjxoahmmyhpfe', '', '', 1, '', NULL, NULL, NULL, 11, 2, 21, 66, 0, 0, 'reguler', 0, '', '2016-09-02 15:56:46', NULL, NULL),
	(146, 'G651130614', 'Xhpz Bkufycrc', 3.02, '2013', '0000-00-00', '0000-00-00', 5, 'Fmwqso Taxk Shl Ujm Rspgvk Lcds Ilgvlt Ktnn Hzz Drwjduymmyj', '', '', 1, '', NULL, NULL, NULL, 5, 2, 20, 51, 0, 0, 'reguler', 0, '', '2016-09-02 15:56:46', NULL, NULL),
	(147, 'G651130957', 'Lzn Bwbeyffm', 3.77, '2013', '0000-00-00', '0000-00-00', 5, 'Ysq Fanfi Ckvgjb Dpmck Skuujn Ofj Wrwx Qjzicl Wcx Mtgybxhuy', '', '', 1, '', NULL, NULL, NULL, 4, 2, 32, 20, 0, 0, 'reguler', 0, '', '2016-09-02 15:56:46', NULL, NULL),
	(148, 'G651130461', 'Qu Bbdtlx', 3.42, '2013', '0000-00-00', '0000-00-00', 5, 'Lkq Drzkim Jmfjb Dpmcj Lepp Nujlp Uaw Fofe Wtcd Wybkwb', '', '', 1, '', NULL, NULL, NULL, 8, 2, 40, 2, 0, 0, 'reguler', 0, '', '2016-09-02 15:56:46', NULL, NULL),
	(149, 'G651130355', 'Gnqpe Davkdndbzr', 3.31, '2013', '0000-00-00', '0000-00-00', 5, 'Zqgz Yql Xuh Fctia Ews Azu Vbsw Bus Zfd Smfszhozexa', '', '', 1, '', NULL, NULL, NULL, 5, 2, 20, 37, 0, 0, 'reguler', 0, '', '2016-09-02 15:56:46', NULL, NULL),
	(150, 'G651130074', 'Mi Wvnd', 3.25, '2013', '0000-00-00', '0000-00-00', 5, 'Jtqwnz Irl Gyz Kvx Upryy Wnavh Bjrp Zcnc Kuvuz Pagglyhsp', 'NCC', '', 1, '', NULL, NULL, NULL, 5, 2, 20, 81, 0, 0, 'reguler', 0, '', '2016-09-02 15:56:46', NULL, NULL),
	(151, 'G651130248', 'Hbc Djkizwjews', 3.44, '2013', '0000-00-00', '0000-00-00', 3, 'Zaf Mjids Heabj Riohai Mnew Nygx Pfhxf Lnj Zeal Tlxgocqwmulwal', '', '', 1, '', NULL, NULL, NULL, 11, 2, 2, 22, 0, 0, 'reguler', 0, '', '2016-09-02 15:56:46', NULL, NULL),
	(152, 'G651130915', 'Bdw Anmultlbw', 3.08, '2013', '0000-00-00', '0000-00-00', 5, 'Dkpjin Pmqit Tlatmc Avc Bzshj Yrnki Hnt Luryrm Ncyy Rovltmmv', '', '', 1, '', NULL, NULL, NULL, 5, 2, 22, 44, 0, 0, 'reguler', 0, '', '2016-09-02 15:56:46', NULL, NULL),
	(153, 'G651130663', 'Gp Jeumi', 3.6, '2013', '0000-00-00', '0000-00-00', 5, 'Vnfp Pfipef Mtkku Umd Rrl Gwos Tqv Symhx Nziea Ougyvomti', '', '', 1, '', NULL, NULL, NULL, 10, 2, 40, 80, 0, 0, 'reguler', 0, '', '2016-09-02 15:56:46', NULL, NULL),
	(154, 'G651130810', 'Drtzo Wrv', 3.67, '2013', '0000-00-00', '0000-00-00', 5, 'Kaxp Qisxt Ykib Che Mluwj Ewt Uigu Bwd Jhlb Kvzlhr', '', '', 1, '', NULL, NULL, NULL, 11, 2, 2, 3, 0, 0, 'reguler', 0, '', '2016-09-02 15:56:46', NULL, NULL),
	(155, 'G651130774', 'Snh Iuxnw', 3.54, '2013', '0000-00-00', '0000-00-00', 5, 'Yvfdc Bazykg Zcnk Usehdu Oln Pgnlwx Ycpjb Bdoj Nnak Qvjhks', '', '', 1, '', NULL, NULL, NULL, 11, 2, 25, 22, 75, 0, 'reguler', 0, '', '2016-09-02 15:56:46', NULL, NULL),
	(156, 'G651130196', 'Tdq Xqllf', 3.71, '2013', '0000-00-00', '0000-00-00', 5, 'Ztuzy Udjo Wnd Xhthua Uxd Ovkkl Bztla Uxctgd Vth Hrmkpxjdplok', '', '', 1, '', NULL, NULL, NULL, 4, 2, 22, 25, 0, 0, 'reguler', 0, '', '2016-09-02 15:56:46', NULL, NULL),
	(157, 'G651130552', 'Ply Kdlwwszuy', 3.94, '2013', '0000-00-00', '0000-00-00', 4, 'Ikavdh Yvi Sdnw Msexn Yakcyk Gakaot Ceqjx Kjnke Qrnv Scjnog', '', '', 1, '', NULL, NULL, NULL, 11, 2, 44, 72, 0, 0, 'reguler', 0, '', '2016-09-02 15:56:46', NULL, NULL),
	(158, 'G651130383', 'Itegq Keoeul', 0, '2013', '0000-00-00', '0000-00-00', 4, 'Tzrt Tokv Xbnv Thf Ura Gdwzex Ajurzv Dieqsp Uhcnw Tgahj', '', '', 1, '', NULL, NULL, NULL, 5, 2, 40, 80, 0, 0, '', 0, '', '2016-09-02 15:56:46', NULL, NULL),
	(159, 'G651130224', 'Tkyed Cdjri', 0, '2013', '0000-00-00', '0000-00-00', 3, 'Yturxm Quayhq Iuw Lfshve Nappja Azwo Lolsu Sfy Puazkd Maqdudenz', '', '', 1, '', NULL, NULL, NULL, 1, 2, 0, 0, 0, 0, '', 0, '', '2016-09-02 15:56:46', NULL, NULL),
	(160, 'G651130546', 'Pz Zjwk', 0, '2013', '0000-00-00', '0000-00-00', 4, 'Lgyrtt Lxfg Ebulwa Lfsttn Jinmo Kjmu Ngqo Iwlrp Xufoy Yaeujucfte', '', '', 1, '', NULL, NULL, NULL, 3, 2, 2, 42, 0, 0, '', 0, '', '2016-09-02 15:56:46', NULL, NULL),
	(161, 'G651130134', 'Mfnq Oaiwrux', 0, '2013', '0000-00-00', '0000-00-00', 4, 'Qqf Deo Eidbd Ppe Riohbl Zqf Hxps Pxrrb Jrg Ibeulybnifyfe', '', '', 1, '', NULL, NULL, NULL, 3, 2, 25, 37, 85, 0, '', 0, '', '2016-09-02 15:56:46', NULL, NULL),
	(162, 'G651130270', 'Fj Nfmwqspud', 0, '2013', '0000-00-00', '0000-00-00', 4, 'Eibb Zrk Xlpwv Ofkx Gnuu Qtzws Xjcq Cnhjgg Mpo Kyoxxzrnodbw', '', '', 1, '', NULL, NULL, NULL, 3, 2, 2, 38, 0, 0, '', 0, '', '2016-09-02 15:56:46', NULL, NULL),
	(163, 'G651130832', 'Lr Fxwowsxi', 0, '2013', '0000-00-00', '0000-00-00', 4, 'Fkljzx Nydlzn Tdjlq Ucdl Emvfw Pnt Uihf Xvjy Ljoux Darggcsinn', '', '', 1, '', NULL, NULL, NULL, 15, 3, 2, 40, 0, 21, '', 0, '', '2016-09-02 15:56:46', NULL, NULL),
	(164, 'G651130225', 'Zztzp Cqyvzkax', 0, '2013', '0000-00-00', '0000-00-00', 4, 'Arf Tmd Symtv Xaiaj Trdqj Zvel Cbci Pcqjip Xuev Tfvoikkwcwzhn', '', '', 1, '', NULL, NULL, NULL, 15, 3, 2, 12, 0, 22, '', 0, '', '2016-09-02 15:56:46', NULL, NULL),
	(165, 'G651130363', 'Nuw Anob', 0, '2013', '0000-00-00', '0000-00-00', 4, 'Vmx Aqbf Nbsc Chal Jkyr Velqj Zvfw Wqqu Yiv Xjeqsbimlvu', '', '', 1, '', NULL, NULL, NULL, 1, 2, 44, 40, 0, 0, '', 0, '', '2016-09-02 15:56:46', NULL, NULL),
	(166, 'G651130842', 'Weu Ftzjuxff', 0, '2013', '0000-00-00', '0000-00-00', 5, 'Jorjt Rcny Tatprp Zblllu Sckqty Llwdvv Okjmy Gljud Lrdyq Iuznrekkvzlgw', '', '', 1, '', NULL, NULL, NULL, 6, 2, 38, 40, 0, 0, '', 0, '', '2016-09-02 15:56:46', NULL, NULL),
	(167, 'G651130182', 'Obgd Asl', 0, '2013', '0000-00-00', '0000-00-00', 4, 'Qoxlse Vpnrtt Mgt Yobls Dpmcg Cseqqh Ozf Yjzuu Poccn Jevpocomsdokhg', '', '', 1, '', NULL, NULL, NULL, 3, 2, 25, 43, 0, 0, '', 0, '', '2016-09-02 15:56:46', NULL, NULL),
	(170, 'G651130111', 'Qa Wtesqagc', 0, '2013', '0000-00-00', '0000-00-00', 2, 'Ibfggn Vnee Tiisi Nne Rridt Lyhvw Wqsbk Vvuv Wvm Reydyhu', '', '', 1, '', NULL, NULL, NULL, 1, 5, 0, 0, 0, 0, '', 0, '', '2016-09-02 15:56:46', NULL, NULL),
	(171, 'G651130455', 'Us Pnvfmsc', 0, '2013', '0000-00-00', '0000-00-00', 4, 'Ccepb Mfszno Izxxy Cpqy Pcviit Sjr Cutf Egrea Ortim Lvunfmgrs', '', '', 1, '', NULL, NULL, NULL, 4, 2, 25, 43, 0, 0, '', 0, '', '2016-09-02 15:56:46', NULL, NULL),
	(172, 'G651130257', 'Iktvx Akzhljmk', 0, '2013', '0000-00-00', '0000-00-00', 4, 'Oqnmp Mrymm Wzhk Sge Hzydji Moixpg Oxxyp Cshy Rmjw Czoug', '', '', 1, '', NULL, NULL, NULL, 1, 2, 21, 22, 0, 0, '', 0, '', '2016-09-02 15:56:46', NULL, NULL),
	(173, 'G651130289', 'Mgwg Oaknujnkom', 0, '2013', '0000-00-00', '0000-00-00', 4, 'Ghp Siovz Mnchua Qghno Gqhld Jjw Fod Rkxw Kmdc Pqlgagm', '', '', 1, '', NULL, NULL, NULL, 1, 2, 21, 2, 0, 0, '', 0, '', '2016-09-02 15:56:46', NULL, NULL),
	(174, 'G651130986', 'Vqvyd Wak', 0, '2013', '0000-00-00', '0000-00-00', 4, 'Rzwe Tgbpg Nxwxk Gdyv Bxj Dokp Yxpa Bcleeg Vlrxrp Xuftcp', '', '', 1, '', NULL, NULL, NULL, 5, 2, 32, 37, 87, 0, '', 0, '', '2016-09-02 15:56:46', NULL, NULL),
	(175, 'G651130203', 'Rpbin Ndc', 0, '2013', '0000-00-00', '0000-00-00', 4, 'Gyxvb Vzivxz Dvrrnp Kiinn Yebxzf Cvvuz Nqq Jzyzou Jjuwvn Ehzyt', '', '', 1, '', NULL, NULL, NULL, 3, 2, 21, 2, 0, 0, '', 0, '', '2016-09-02 15:56:46', NULL, NULL),
	(176, 'G651100591', 'Aymi Hnqezmm', 3.62, '2010', '0000-00-00', '0000-00-00', 7, 'Uwzp Ahijfa Mhyzad Qssp Xsxh Ezk Ftcz Fcuve Lptllw Amhaf', '', '', 1, '', NULL, NULL, NULL, 11, 3, 32, 19, 0, 0, 'reguler', 0, '', '2016-09-02 15:56:46', NULL, NULL),
	(177, 'G651100697', 'Zmt Jpwjabf', 3.44, '2010', '0000-00-00', '0000-00-00', 1, 'Oqln Mvt Xvkmu Pmqpx Ucgrso Ogmfv Maobb Cik Yrl Rvbwbptxfkkw', '', '', 1, '', NULL, NULL, NULL, 10, 3, 2, 16, 0, 0, 'reguler', 0, '', '2016-09-02 15:56:46', NULL, NULL),
	(178, 'G651100273', 'Xvy Fiyfncutl', 3.27, '2010', '0000-00-00', '0000-00-00', 1, 'Amlaa Eukac Ngrwr Vzobd Mygj Qza Mejf Ixqg Zey Vulxej', '', '', 1, '', NULL, NULL, NULL, 10, 3, 32, 19, 0, 20, 'reguler', 0, '', '2016-09-02 15:56:46', NULL, NULL),
	(179, 'G651100148', 'Vvdm Cxfppf', 3.77, '2010', '0000-00-00', '0000-00-00', 1, 'Gfj Hirs Mhz Rbest Mdjp Yag Apxmuq Rpwgo Curqkb Cgbmefjdpq', '', '', 1, '', NULL, NULL, NULL, 10, 3, 38, 18, 0, 0, 'reguler', 0, '', '2016-09-02 15:56:46', NULL, NULL),
	(180, 'G651100386', 'Flwj Gfgbqbj', 3.53, '2010', '0000-00-00', '0000-00-00', 1, 'Jwitzp Aghfh Suuny Akvlif Cvunv Qpbty Owrtl Zqhj Lguz Dsdqqsoq', '', '', 1, '', NULL, NULL, NULL, 10, 3, 2, 28, 0, 0, 'reguler', 0, '', '2016-09-02 15:56:46', NULL, NULL),
	(181, 'G651100365', 'Pweg Rowehyt', 3.72, '2010', '0000-00-00', '0000-00-00', 1, 'Mlx Qcl Sldi Ovkls Eszhwn Zjw Qkeso Qnqhp Bldx Swfkl', '', '', 1, '', NULL, NULL, NULL, 10, 3, 10, 18, 0, 0, 'reguler', 0, '', '2016-09-02 15:56:46', NULL, NULL),
	(182, 'G651100481', 'Xj Azwtii', 3.77, '2010', '0000-00-00', '0000-00-00', 1, 'Vzmaq Ahheb Smes Hisvl Qvgxk Fwu Xsw Hacx Fjdpd Wanncuojesbdp', '', '', 1, '', NULL, NULL, NULL, 10, 3, 43, 42, 0, 0, 'reguler', 0, '', '2016-09-02 15:56:46', NULL, NULL),
	(183, 'G651100573', 'Spau Xeeex', 3.66, '2010', '0000-00-00', '0000-00-00', 1, 'Lokw Dznnt Erv Vyinn Bqdxn Yezx Loi Jrf Qbhv Ehxswa', '', '', 1, '', NULL, NULL, NULL, 10, 3, 34, 42, 0, 0, 'reguler', 0, '', '2016-09-02 15:56:46', NULL, NULL),
	(184, 'G651100147', 'Wt Cfwtuqtw', 3.08, '2010', '0000-00-00', '0000-00-00', 7, 'Slfsp Xqlm Jkw Dgwiv Gsv Rggvn Czqk Gzeuko Stsf Eievocma', '', '', 1, '', NULL, NULL, NULL, 11, 2, 32, 19, 0, 0, 'reguler', 0, '', '2016-09-02 15:56:46', NULL, NULL),
	(185, 'G651100761', 'Dzsx Kkuvfqou', 3.45, '2010', '0000-00-00', '0000-00-00', 7, 'Rggff Kmd Rtupe Ehwx Ajw Fqnwg Qkdef Qmmota Xmrmse Rwjevqitups', '', '', 1, '', NULL, NULL, NULL, 4, 2, 17, 44, 0, 0, 'reguler', 0, '', '2016-09-02 15:56:46', NULL, NULL),
	(186, 'G651100204', 'Koou Jkwk', 3.34, '2010', '0000-00-00', '0000-00-00', 1, 'Snky Jchl Kqz Clx Hyscyj Azwm Fpinvq Qgimul Xefeb Wegsxtw', '', '', 1, '', NULL, NULL, NULL, 10, 3, 33, 28, 2, 0, 'reguler', 0, '', '2016-09-02 15:56:46', NULL, NULL),
	(187, 'G651100268', 'Lx Iza', 3.77, '2010', '0000-00-00', '0000-00-00', 1, 'Aot Jmehq Kdmedb Ypdtii Pbmv Kmdj Tsg Vtjf Qrihm Pozhlrfye', '', '', 1, '', NULL, NULL, NULL, 10, 3, 2, 39, 0, 0, 'reguler', 0, '', '2016-09-02 15:56:46', NULL, NULL),
	(188, 'G651100327', 'Ktid Quzszvd', 3.3, '2010', '0000-00-00', '0000-00-00', 7, 'Aqz Kwbey Ctjue Pmqmk Qxpp Csf Nodpzd Tkq Fyccn Gsutkxycrcktn', '', '', 1, '', NULL, NULL, NULL, 9, 2, 17, 44, 0, 0, 'reguler', 0, '', '2016-09-02 15:56:46', NULL, NULL),
	(189, 'G651100323', 'Gvr Adrdgxrtr', 3.22, '2010', '0000-00-00', '0000-00-00', 1, 'Klbjcm Aqdnek Jtqzwk Kwd Diho Fnxuhb Jtqsvx Dwzx Hwi Olnhvjsk', '', '', 1, '', NULL, NULL, NULL, 10, 3, 17, 25, 72, 22, 'reguler', 0, '', '2016-09-02 15:56:46', NULL, NULL),
	(190, 'G651100012', 'Evtu Sfy', 3.72, '2010', '0000-00-00', '0000-00-00', 1, 'Wei Laqi Vcbvde Nbq Qud Ruvgc Sfaa Uzoqov Kredn Flqwi', '', '', 1, '', NULL, NULL, NULL, 10, 3, 25, 33, 0, 0, 'reguler', 0, '', '2016-09-02 15:56:46', NULL, NULL),
	(191, 'G651100868', 'Kvalf Rvauigh', 3.23, '2010', '0000-00-00', '0000-00-00', 1, 'Gfgbq Bimy Fhvx Qlksw Cxijew Szwu Fpk Yyxaxj Cimk Vbrhiibfzgfkk', '', '', 1, '', NULL, NULL, NULL, 10, 3, 32, 19, 0, 20, 'reguler', 0, '', '2016-09-02 15:56:46', NULL, NULL),
	(192, 'G651100574', 'Qk Wiyfognwt', 3.55, '2010', '0000-00-00', '0000-00-00', 1, 'Vwxcpq Lfug Fhu Zttjh Gms Xpfs Rjsqn Sbb Kpwhs Skymm', '', '', 1, '', NULL, NULL, NULL, 10, 3, 27, 44, 0, 0, 'reguler', 0, '', '2016-09-02 15:56:46', NULL, NULL),
	(193, 'G651100075', 'Fsuat Qzau', 3.62, '2010', '0000-00-00', '0000-00-00', 1, 'Pzesci Jtr Ajv Pwpl Uqtivf Ocw Pyvi Pyywko Muoy Vgvkmpi', '', '', 1, '', NULL, NULL, NULL, 10, 3, 25, 9, 41, 0, 'reguler', 0, '', '2016-09-02 15:56:46', NULL, NULL),
	(195, 'G651100532', 'Luzv Emwzduokil', 3.34, '2010', '0000-00-00', '0000-00-00', 1, 'Ggnplk Usezv Fnaoh Srg Kjogvl Umeh Jyqy Qiudzo Vnzj Kzrkafmthhowr', '', '', 1, '', NULL, NULL, NULL, 10, 3, 2, 9, 0, 0, 'reguler', 0, '', '2016-09-02 15:56:46', NULL, NULL),
	(196, 'G651100524', 'Ijrf Yctkd', 3.78, '2010', '0000-00-00', '0000-00-00', 1, 'Vfo Jfat Tlx Hvhyxo Eczmj Hjzwdz Nsaozh Kesvdd Koo Cbzspifbpwmxz', '', '', 1, '', NULL, NULL, NULL, 10, 3, 44, 17, 0, 0, 'reguler', 0, '', '2016-09-02 15:56:46', NULL, NULL),
	(197, 'G651100212', 'Hbh Xpk', 3.55, '2010', '0000-00-00', '0000-00-00', 7, 'Vcxz Xmt Ybl Uwaoe Hvjg Kikspy Xqlq Bhhhm Pmqpy Wnanojd', '', '', 1, '', NULL, NULL, NULL, 4, 2, 44, 33, 0, 0, 'reguler', 0, '', '2016-09-02 15:56:46', NULL, NULL),
	(198, 'G651108784', 'Iicp Vfptu', 3.18, '2010', '0000-00-00', '0000-00-00', 1, 'Pql Tdlolo Kjq Mfpg Ybkdbv Bsl Yoxahg Nvou Caw Lrzwit', '', '', 1, '', NULL, NULL, NULL, 10, 3, 10, 18, 0, 0, 'reguler', 0, '', '2016-09-02 15:56:46', NULL, NULL),
	(199, 'G651120641', 'Czws Ynwuzljl', 3.31, '2012', '0000-00-00', '0000-00-00', 6, 'Bdol Zowux Dzl Xtc Rtuxp Ecblly Hpe Skw Jevmo Mprlhv', '', '', 1, '', NULL, NULL, NULL, 11, 2, 25, 20, 0, 0, 'reguler', 0, '', '2016-09-02 15:56:46', NULL, NULL),
	(200, 'G651120777', 'Ztedc Epmgsto', 3.35, '2012', '0000-00-00', '0000-00-00', 7, 'Nvn Jhgq Twzb Cjl Kopt Vwxrtt Onwifd Cccz Dsfagf Ibfwsnukrdscjm', '', '', 1, '', NULL, NULL, NULL, 11, 2, 43, 26, 52, 0, 'reguler', 0, '', '2016-09-02 15:56:46', NULL, NULL),
	(201, 'G651114356', 'Tiy Oyzw', 0, '2011', '0000-00-00', '0000-00-00', 2, 'Fwsnws Ypddwa Kzsdr Zxpu Yiwy Svbnk Mfo Foccwa Mlqqmm Xcura', '', '', 1, '', NULL, NULL, NULL, 0, 5, 0, 0, 0, 0, '', 0, '', '2016-09-02 15:56:46', NULL, NULL),
	(202, 'G651080648', 'Wqak Ztru', 0, '2008', '0000-00-00', '0000-00-00', 4, 'Fvo Ocwcsg Dzlj Wdc Gwo Hywu Okg Sjpvig Edfee Jiovllxeejhk', '', '', 2, '', '', '', '', 11, 3, 27, 17, NULL, 33, 'reguler', 0, '', '2016-09-02 15:56:46', '2017-02-18 13:17:08', NULL),
	(203, 'G651080420', 'Kr Ulxe', 0, '2008', '0000-00-00', '0000-00-00', 7, 'Cjl Gwqvo Fnvvb Wcxr Osydx Anlty Kgz Tkufv Qpac Fswflbfwsaw', '', '', 2, '', '', '', '', 11, 3, 25, 28, NULL, 33, 'reguler', 0, '', '2016-09-02 15:56:46', '2017-02-18 13:17:24', NULL),
	(204, 'G651080408', 'Jfirl Frrelv', 0, '2008', '0000-00-00', '0000-00-00', 7, 'Hxrvl Vsa Abdro Rsmj Tsfcrz Zyu Bcfiip Afd Qey Dcbyofdasmifbq', '', '', 2, '', '', '', '', 11, 3, 43, 8, NULL, 44, 'reguler', 0, '', '2016-09-02 15:56:46', '2017-02-18 13:17:33', NULL),
	(205, 'G651080233', 'Ujty Oybavd', 0, '2008', '0000-00-00', '0000-00-00', 4, 'Age Wcw Qzz Ijxn Hwnxyx Ugt Ieapj Abg Sgbwl Psskxpe', '', '', 1, '', NULL, NULL, NULL, 11, 3, 34, 33, 0, 8, '', 0, '', '2016-09-02 15:56:46', NULL, NULL),
	(206, 'G651080616', 'Bytd Maqu', 0, '2008', '0000-00-00', '0000-00-00', 7, 'Bwev Jhjwhv Gxqk Ptc Hbm Tzsnc Xfkh Nujz Qfgir Nmwyblqtzn', '', '', 1, '', NULL, NULL, NULL, 11, 3, 18, 14, 0, 44, '', 0, '', '2016-09-02 15:56:46', NULL, NULL),
	(207, 'G651080286', 'Oj Alegnxa', 0, '2008', '0000-00-00', '0000-00-00', 6, 'Sbb Okh Btofh Wlpwc Wcyv Ddjy Lktpe Dfn Usdiz Xphrnhrpzd', '', '', 1, '', NULL, NULL, NULL, 11, 3, 17, 19, 0, 37, '', 0, '', '2016-09-02 15:56:46', NULL, NULL),
	(208, 'G651080656', 'Iofsw Hwjkd', 0, '2008', '0000-00-00', '0000-00-00', 6, 'Thdxzc Qubixo Ctos Dpocsf Zfbme Lqwg Eegwe Hyvc Mbznl Uojdombvb', '', '', 1, '', NULL, NULL, NULL, 11, 3, 25, 17, 0, 0, '', 0, '', '2016-09-02 15:56:46', NULL, NULL),
	(209, 'G651080643', 'Mabj Sjuqtwbqb', 0, '2008', '0000-00-00', '0000-00-00', 6, 'Utlefo Dxff Xwrpu Cgwhs Qewhfd Asl Ohsshg Kijygm Rxo Mjjutykga', '', '', 1, '', NULL, NULL, NULL, 11, 3, 43, 33, 0, 2, '', 0, '', '2016-09-02 15:56:46', NULL, NULL),
	(210, 'G651100768', 'Wy Lawp', 0, '2010', '0000-00-00', '0000-00-00', 5, 'Jhiasm Hbkxbo Pjzjds Dmbtjr Eyfr Mjm Qovw Wtdu Omur Eungoc', '', '', 1, '', NULL, NULL, NULL, 11, 3, 44, 27, 0, 40, '', 0, '', '2016-09-02 15:56:46', NULL, NULL),
	(211, 'G651080219', 'Jq Ses', 3.8, '2008', '0000-00-00', '0000-00-00', 1, 'Ggnmbv Aoub Latco Lokl Gvmfgr Nrv Zovbv Xcuoa Mkne Wwqpbcdjl', '', '', 1, '', NULL, NULL, NULL, 11, 3, 32, 37, 0, 0, 'reguler', 0, '', '2016-09-02 15:56:46', NULL, NULL),
	(212, 'G651080553', 'Ab Zezrl', 3.8, '2008', '0000-00-00', '0000-00-00', 1, 'Eltd Djigg Loj Cshv Bvx Mgub Lbw Gtyk Rge Zrhovwydw', '', '', 1, '', NULL, NULL, NULL, 10, 3, 43, 8, 0, 0, 'reguler', 0, '', '2016-09-02 15:56:46', NULL, NULL),
	(213, 'G651080833', 'Dlnhw Lrzuccgzbk', 3.7, '2008', '0000-00-00', '0000-00-00', 1, 'Xwsuyi Xmtf Czmeg Swfl Xfj Yduhv Ieufn Xal Chdrwh Ufrqfkh', '', '', 1, '', NULL, NULL, NULL, 11, 3, 30, 9, 0, 0, 'reguler', 0, '', '2016-09-02 15:56:46', NULL, NULL),
	(214, 'G651080565', 'Wbser Zuzxufu', 3.6, '2008', '0000-00-00', '0000-00-00', 1, 'Iuzpk Gcr Ewrfmu Ndecy Htvqrm Lurnvr Xmqwbt Oobjq Dthp Dwwvmxwswejfb', '', '', 1, '', NULL, NULL, NULL, 11, 3, 27, 18, 0, 0, 'reguler', 0, '', '2016-09-02 15:56:46', NULL, NULL),
	(215, 'G651080874', 'Gvk Wbusbetgx', 3.9, '2008', '0000-00-00', '0000-00-00', 1, 'Ptagoe Eiezew Xvmhpd Xbpyp Blew Ydufp Itx Hysapy Yxtkgb Ldhcprfdaqe', '', '', 1, '', NULL, NULL, NULL, 10, 3, 2, 19, 0, 0, 'reguler', 0, '', '2016-09-02 15:56:46', NULL, NULL),
	(216, 'G651080570', 'Vkmu Okga', 3.75, '2008', '0000-00-00', '0000-00-00', 1, 'Zhnxl Nfpx Msdkh Iqgh Ghsrac Mdhrpa Hjavgu Ekpgwm Wybia Gffmr', '', '', 1, '', NULL, NULL, NULL, 11, 3, 2, 6, 0, 0, 'reguler', 0, '', '2016-09-02 15:56:46', NULL, NULL),
	(217, 'G651090823', 'Nrvvq Twczhmojc', 0, '2009', '0000-00-00', '0000-00-00', 1, 'Etdde Kopo Zfe Lryzrj Uvth Owpp Pfd Jiq Qxp Gpgnvflokm', '', '', 1, '', NULL, NULL, NULL, 11, 3, 27, 44, 0, 0, 'reguler', 0, '', '2016-09-02 15:56:46', NULL, NULL),
	(218, 'G651090166', 'Md Ogogiwlniz', 0, '2009', '0000-00-00', '0000-00-00', 1, 'Caxs Bgzh Rnn Tpthro Tdik Etcm Hbjcq Yrq Algugu Fsztw', '', '', 1, '', NULL, NULL, NULL, 11, 3, 43, 5, 0, 0, 'reguler', 0, '', '2016-09-02 15:56:46', NULL, NULL),
	(219, 'G651090755', 'Bg Oqkx', 0, '2009', '0000-00-00', '0000-00-00', 1, 'Revwg Qnrtpp Hoax Kfuv Voiaaa Doiyvf Rqdujn Mxz Gmrstq Wmtkrq', '', '', 1, '', NULL, NULL, NULL, 11, 3, 3, 9, 0, 0, 'reguler', 0, '', '2016-09-02 15:56:46', NULL, NULL),
	(220, 'G651090068', 'Xsljp Udkwnbp', 0, '2009', '0000-00-00', '0000-00-00', 1, 'Sutq Aevoa Lcefk Mdgkon Zjv Ymov Enai Fbqxsw Deji Uxfkibdkr', '', '', 1, '', NULL, NULL, NULL, 11, 3, 34, 44, 0, 0, 'reguler', 0, '', '2016-09-02 15:56:46', NULL, NULL),
	(221, 'G651090708', 'Xrcp Rqe', 0, '2009', '0000-00-00', '0000-00-00', 1, 'Dpo Sgcwwt Bcjj Inpj Qza Ujl Kpsqw Lop Gstud Hblbyngsu', '', '', 1, '', NULL, NULL, NULL, 11, 3, 43, 33, 0, 0, 'reguler', 0, '', '2016-09-02 15:56:46', NULL, NULL),
	(222, 'G651090315', 'Lhdrz Xqj', 0, '2009', '0000-00-00', '0000-00-00', 1, 'Tiny Glm Zpblr Azztwd Bxhdft Chbt Rcksfy Bni Nhww Vqqferp', '', '', 1, '', NULL, NULL, NULL, 11, 3, 26, 9, 29, 0, 'reguler', 0, '', '2016-09-02 15:56:46', NULL, NULL),
	(223, 'G651090446', 'Ysmh Xswn', 0, '2009', '0000-00-00', '0000-00-00', 1, 'Bjuraa Bfxzbi Ortge Asl Xjeep Oyz Sckpsv Xbnl Dft Knmum', '', '', 1, '', NULL, NULL, NULL, 11, 3, 43, 18, 0, 0, 'reguler', 0, '', '2016-09-02 15:56:46', NULL, NULL),
	(224, 'G651090376', 'Xwba Yqjvejjtoo', 0, '2009', '0000-00-00', '0000-00-00', 1, 'Tpt Wflmv Ojftch Fbugb Psuwsa Abdc Ynt Wrrv Apxlsd Pnvpnnehyubaw', '', '', 1, '', NULL, NULL, NULL, 11, 3, 32, 30, 0, 0, 'reguler', 0, '', '2016-09-02 15:56:46', NULL, NULL),
	(225, 'G651090286', 'Bq Iorvwvogq', 0, '2009', '0000-00-00', '0000-00-00', 1, 'Ibfzcq Tykf Dcc Vmyo Ahmv Uksi Vcavvr Yqhxu Jkv Vyfflrmlsfy', '', '', 1, '', NULL, NULL, NULL, 11, 3, 42, 28, 0, 0, 'reguler', 0, '', '2016-09-02 15:56:46', NULL, NULL),
	(226, 'G651090658', 'Kb Oizyucayqk', 0, '2009', '0000-00-00', '0000-00-00', 1, 'Crdrm Ihle Apww Ybkbvx Crcw Btnf Zgk Yzag Kgddzm Lvtfvgozjt', '', '', 1, '', NULL, NULL, NULL, 11, 3, 2, 9, 0, 0, 'reguler', 0, '', '2016-09-02 15:56:46', NULL, NULL),
	(227, 'G651090506', 'Ayle Pmpcsik', 0, '2009', '0000-00-00', '0000-00-00', 1, 'Sjptzs Rdrwkj Qdr Eukvk Lavlhe Zkb Eplfm Tijjeu Ikxf Yaimnkj', '', '', 1, '', NULL, NULL, NULL, 11, 3, 42, 9, 0, 0, 'reguler', 0, '', '2016-09-02 15:56:46', NULL, NULL),
	(228, 'G651090288', 'Cg Lauitvvppc', 0, '2009', '0000-00-00', '0000-00-00', 1, 'Qcm Rqdvog Rnrsh Jztumc Ymoe Ryp Ddfqh Ljoxi Yude Xzexckvxzgiw', '', '', 1, '', NULL, NULL, NULL, 11, 3, 25, 19, 36, 0, 'reguler', 0, '', '2016-09-02 15:56:46', NULL, NULL),
	(229, 'G651090714', 'Tnf Xzeecznrwg', 0, '2009', '0000-00-00', '0000-00-00', 1, 'Ibjta Yoy Til Rvd Jjsi Fbr Voiwlr Zzvz Ywky Jbgycnzjwf', '', '', 1, '', NULL, NULL, NULL, 11, 3, 2, 28, 0, 0, 'reguler', 0, '', '2016-09-02 15:56:46', NULL, NULL),
	(230, 'G651090615', 'Suwtd Ncyci', 0, '2009', '0000-00-00', '0000-00-00', 1, 'Lqwn Iadpg Mqqb Ayrwn Zlh Pqk Fwrbwc Wzk Hbne Xahlhy', '', '', 1, '', NULL, NULL, NULL, 3, 4, 2, 14, 0, 0, 'reguler', 0, '', '2016-09-02 15:56:46', NULL, NULL),
	(231, 'G651090398', 'Hmpd Wxwyqjwi', 0, '2009', '0000-00-00', '0000-00-00', 1, 'Hpchf Hud Wnzr Ldkdp Ozgy Stoiu Yljc Fszatr Eukbk Vwulvkqagffl', '', '', 1, '', NULL, NULL, NULL, 11, 3, 2, 28, 0, 0, 'reguler', 0, '', '2016-09-02 15:56:46', NULL, NULL),
	(232, 'G651090780', 'Ysqzy Txgvppb', 0, '2009', '0000-00-00', '0000-00-00', 1, 'Nhxvy Gjcq Cmfcu Qwjk Bcis Nlqmuo Kjr Ycts Jskkii Sorsmhkd', '', '', 1, '', NULL, NULL, NULL, 11, 3, 32, 8, 0, 0, 'reguler', 0, '', '2016-09-02 15:56:46', NULL, NULL),
	(233, 'G651090742', 'Psbvw Xwsfnyfef', 0, '2009', '0000-00-00', '0000-00-00', 1, 'Mznfj Fzf Eiffcz Pya Dxfy Str Laq Bqbs Mgws Hfhudvk', '', '', 1, '', NULL, NULL, NULL, 1, 5, 32, 35, 0, 0, 'reguler', 0, '', '2016-09-02 15:56:46', NULL, NULL),
	(234, 'G651090480', 'Ogn Icljyroruv', 0, '2009', '0000-00-00', '0000-00-00', 1, 'Njht Skw Xfi Ktpauy Gnt Zewjlb Cft Jldd Unhidp Srgittkuqubz', '', '', 1, '', NULL, NULL, NULL, 1, 5, 32, 14, 0, 0, 'reguler', 0, '', '2016-09-02 15:56:46', NULL, NULL),
	(235, 'G651090364', 'Tho Vofmcb', 0, '2009', '0000-00-00', '0000-00-00', 1, 'Rnlmcy Oxwkg Cptpcr Bijbwe Ejivl Uprnc Yixda Qcofg Pglw Anofjq', '', '', 1, '', NULL, NULL, NULL, 1, 5, 34, 37, 0, 0, 'reguler', 0, '', '2016-09-02 15:56:46', NULL, NULL),
	(236, 'G651090131', 'Zuljm Gvmsdmyiw', 0, '2010', '0000-00-00', '0000-00-00', 1, 'Srgo Alez Iux Cynkps Wgnvpk Ihobjq Drbc Rclegt Zrmx Tcfvldpocsg', '', '', 1, '', NULL, NULL, NULL, 11, 3, 17, 16, 0, 0, 'reguler', 0, '', '2016-09-02 15:56:46', NULL, NULL),
	(249, 'G651130683', 'Grbl Dft', 3.69, '2013', '0000-00-00', '0000-00-00', 4, 'Fhu Dhbjh Ivd Mxdvoh Wnxwrs Nkot Krfhpz Ged Rqdokh Hnsciqez', '', '', 1, '', NULL, NULL, NULL, 15, 3, 38, 40, 0, 22, '', 0, '', '2016-09-02 15:56:46', NULL, NULL),
	(255, 'G651140156', 'Vbhst Qyvaf', 0, '2014', '0000-00-00', '0000-00-00', 3, 'Isq Inn Zoywnb Qaelwy Boqpn Tgat Sevia Bfz Anpi Kcdkpocwamigi', '', '', 1, '', NULL, NULL, NULL, 8, 2, 21, 66, 0, 0, 'reguler', 0, '', '2016-09-02 15:56:46', NULL, NULL),
	(256, 'G651140446', 'Ybkk Trcrfa', 0, '2014', '0000-00-00', '0000-00-00', 7, 'Tvvfv Ndc Xjbk Bayke Oiysj Vygl Yhsco Mra Adoa Dpmtfuhcopfhx', '', '', 1, '', NULL, NULL, NULL, 11, 2, 21, 66, 0, 0, 'reguler', 0, '', '2016-09-02 15:56:46', NULL, NULL),
	(257, 'G651140879', 'Npu Asopbjuu', 0, '2014', '0000-00-00', '0000-00-00', 7, 'Odaxw Mye Pwo Fny Ixqw Hvjf Groaz Twcfiz Aadqi Uwanmvokhffjg', '', '', 1, '', NULL, NULL, NULL, 5, 2, 21, 66, 0, 0, 'reguler', 0, '', '2016-09-02 15:56:46', NULL, NULL),
	(258, 'G651140572', 'Po Uqwngr', 0, '2014', '0000-00-00', '0000-00-00', 7, 'Fgo Usehdu Nejs Mhyjhj Ayqu Xec Zuzpn Ukokc Kqbh Nwqpcwlqwms', '', '', 1, '', NULL, NULL, NULL, 11, 2, 21, 66, 0, 0, 'reguler', 0, '', '2016-09-02 15:56:46', NULL, NULL),
	(259, 'G651140915', 'Sl Awgvxcvw', 0, '2014', '0000-00-00', '0000-00-00', 3, 'Dmaor Oxt Cfxbc Hbov Qqizlg Zfbew Wrv Diehoy Ainqe Brfctdiey', '', '', 1, '', NULL, NULL, NULL, 4, 2, 43, 63, 0, 0, 'reguler', 0, '', '2016-09-02 15:56:46', NULL, NULL),
	(260, 'G651140644', 'Ukwn Anlmasorr', 0, '2014', '0000-00-00', '0000-00-00', 3, 'Csfggn Xzeebt Pubsqz Ywmlzm Nbv Mlr Pnwci Ioxqmq Pcr Sbeqqvdf', '', '', 1, '', NULL, NULL, NULL, 6, 2, 43, 93, 0, 0, 'reguler', 0, '', '2016-09-02 15:56:46', NULL, NULL),
	(261, 'G651140566', 'Hld Wze', 0, '2014', '0000-00-00', '0000-00-00', 3, 'Odauqs Tnj Zirp Bkxa Zytjcl Vulgnu Kqxpy Zcou Mzk Poxyxyoycqys', '', '', 1, '', NULL, NULL, NULL, 6, 2, 2, 1, 0, 0, 'reguler', 0, '', '2016-09-02 15:56:46', NULL, NULL),
	(262, 'G651140414', 'Mih Pdzaxm', 0, '2014', '0000-00-00', '0000-00-00', 3, 'Uvvkh Gkebb Etdx Ctkddd Jjsqn Rwfyg Huzvn Datfa Lcfzs Skvxcjrfaldj', '', '', 1, '', NULL, NULL, NULL, 6, 2, 2, 1, 0, 0, 'reguler', 0, '', '2016-09-02 15:56:46', NULL, NULL),
	(263, 'G651144546', 'Qu Vbvgljnogo', 0, '2014', '0000-00-00', '0000-00-00', 1, 'Lbyyz Fbr Zghzow Sxlhw Mwta Gfhgud Knkz Rirb Yqge Tgzdst', '', '', 1, '', NULL, NULL, NULL, 1, 1, 0, 0, 0, 0, '', 0, '', '2016-09-02 15:56:46', NULL, NULL),
	(264, 'G651144272', 'Bnan Plixjf', 0, '2014', '0000-00-00', '0000-00-00', 1, 'Hdwwsy Ntdgo Dxd Rirk Fwskjn Muqdhz Zcldaq Gfi Kuse Brhkensbfv', '', '', 1, '', NULL, NULL, NULL, 1, 1, 0, 0, 0, 0, '', 0, '', '2016-09-02 15:56:46', NULL, NULL),
	(265, 'G651144037', 'Wqmh Zaexugvmyd', 0, '2014', '0000-00-00', '0000-00-00', 1, 'Mzk Nbutfv Lvvqi Uxd Trb Zfcaou Dkr Gebqyv Hyvv Knklavsdpnvo', '', '', 1, '', NULL, NULL, NULL, 1, 1, 0, 0, 0, 0, '', 0, '', '2016-09-02 15:56:46', NULL, NULL),
	(266, 'G651144888', 'Zmw Wvnf', 0, '2014', '0000-00-00', '0000-00-00', 1, 'Godlgx Vknr Bgam Oia Jnmyah Lhbf Qnrccb Beqsk Wdd Jldjl', '', '', 1, '', NULL, NULL, NULL, 1, 1, 0, 0, 0, 0, '', 0, '', '2016-09-02 15:56:46', NULL, NULL),
	(267, 'G651144664', 'Nyl Kqbyiw', 0, '2014', '0000-00-00', '0000-00-00', 1, 'Digq Irmh Liimh Aevwi Bijiad Niyavz Mmzb Epmjf Wvlgb Psxgrruzlg', '', '', 1, '', NULL, NULL, NULL, 1, 1, 0, 0, 0, 0, '', 0, '', '2016-09-02 15:56:46', NULL, NULL),
	(268, 'G651144978', 'Kjcp Pffakay', 0, '2014', '0000-00-00', '0000-00-00', 1, 'Zcqnwu Jmgguh Bmek Vxdxah Lkq Drwi Nnd Wfmksj Sjsa Uyjysyxstsi', '', '', 1, '', NULL, NULL, NULL, 1, 1, 0, 0, 0, 0, '', 0, '', '2016-09-02 15:56:46', NULL, NULL),
	(269, 'G651144818', 'Rl Maq', 0, '2014', '0000-00-00', '0000-00-00', 1, 'Mkoal Eohaso Oeen Kktod Asl Ltkopi Uzpeyf Ehzpjz Tur Dojfxyxtavcbyp', '', '', 1, '', NULL, NULL, NULL, 1, 1, 0, 0, 0, 0, '', 0, '', '2016-09-02 15:56:46', NULL, NULL),
	(270, 'G651144867', 'Olrq Blasgfgs', 0, '2014', '0000-00-00', '0000-00-00', 1, 'Bmhyxp Iubddf Svcjbe Qtwhmn Gsslq Udh Hkeje Tfuo Qmkhg Khdygrwhv', '', '', 1, '', NULL, NULL, NULL, 1, 1, 0, 0, 0, 0, '', 0, '', '2016-09-02 15:56:46', NULL, NULL),
	(271, 'G651144892', 'Sl Djlm', 0, '2014', '0000-00-00', '0000-00-00', 1, 'Gtabvy Hpdakx Jerfpg Oam Swe Tymgs Snmqua Snlro Vkpxg Qlhcppaeydy', '', '', 1, '', NULL, NULL, NULL, 1, 1, 0, 0, 0, 0, '', 0, '', '2016-09-02 15:56:46', NULL, NULL),
	(272, 'G651144226', 'Ye Cdhw', 0, '2014', '0000-00-00', '0000-00-00', 1, 'Fgqg Zbkefo Eekf Rrhe Pnwgxs Zrk Gzdxq Kfspct Ngtkhh Mqspuzc', '', '', 1, '', NULL, NULL, NULL, 1, 1, 0, 0, 0, 0, '', 0, '', '2016-09-02 15:56:46', NULL, NULL),
	(273, 'G651144571', 'Vqbm Iblkgyzcqt', 0, '2014', '0000-00-00', '0000-00-00', 1, 'Niz Clzug Wqpewv Plkhj Yqhct Kuub Wehtav Aqf Qcm Bbayphv', '', '', 1, '', NULL, NULL, NULL, 1, 1, 0, 0, 0, 0, '', 0, '', '2016-09-02 15:56:46', NULL, NULL),
	(274, 'G651144336', 'Waug Xsyszwi', 0, '2014', '0000-00-00', '0000-00-00', 1, 'Iag Qbhv Ddjl Kpws Gaiio Vnbnk Mcc Vnabj Rhmcy Jchdusqaeul', '', '', 1, '', NULL, NULL, NULL, 1, 1, 0, 0, 0, 0, '', 0, '', '2016-09-02 15:56:46', NULL, NULL),
	(275, 'G651144293', 'Aeci Kzsqnrw', 0, '2014', '0000-00-00', '0000-00-00', 1, 'Ura Jpuy Wpigrr Kynyp Gkji Fbq Ngu Syp Nlqdgv Mwwsb', '', '', 1, '', NULL, NULL, NULL, 1, 1, 0, 0, 0, 0, '', 0, '', '2016-09-02 15:56:46', NULL, NULL),
	(276, 'G651144515', 'Fmvpm Oizmsdpms', 0, '2014', '0000-00-00', '0000-00-00', 1, 'Fwsmol Lzp Mhz Fwvs Gdx Ykb Uigt Utlcwc Wyemjk Wdcavf', '', '', 1, '', NULL, NULL, NULL, 1, 1, 0, 0, 0, 0, '', 0, '', '2016-09-02 15:56:46', NULL, NULL),
	(277, 'G651144707', 'Dldxe Ddh', 0, '2014', '0000-00-00', '0000-00-00', 1, 'Rrjqy Wls Sayjw Hvgfsw Eidtw Cyhvzh Pahf Tch Dzp Nkmelgbpsvaq', '', '', 1, '', NULL, NULL, NULL, 1, 1, 0, 0, 0, 0, '', 0, '', '2016-09-02 15:56:46', NULL, NULL),
	(280, 'G651140825', 'Met Jotsnpjcjp', 0, '2014', '0000-00-00', '0000-00-00', 3, 'Afbwm Vszicn Gsw Xefu Okh Hubmoj Fzgb Gakqfd Delzy Vguemecxhrnqow', '', '', 1, '', NULL, NULL, NULL, 4, 2, 22, 2, 0, 0, 'reguler', 0, '', '2016-09-02 15:56:46', NULL, NULL),
	(281, 'G651140161', 'Vjx Hrnflni', 0, '2014', '0000-00-00', '0000-00-00', 3, 'Qpcud Gwqte Ogrog Phrj Melxr Qeag Wrtac Mdgbbe Pnvy Jwizztyjdngrri', '', '', 1, '', NULL, NULL, NULL, 3, 2, 2, 88, 0, 0, 'reguler', 0, '', '2016-09-02 15:56:46', NULL, NULL),
	(282, 'G651140481', 'Clmlw Boqsype', 0, '2014', '0000-00-00', '0000-00-00', 3, 'Ripcpp Isqcok Ktmw Nygj Nnbnj Hhnrtv Xbni Mmwfee Jkuujk Bchcqpfibfybn', '', '', 1, '', NULL, NULL, NULL, 4, 2, 38, 20, 0, 0, 'reguler', 0, '', '2016-09-02 15:56:46', NULL, NULL),
	(283, 'G651140076', 'Bvjzr Nmwyyyvgwp', 0, '2014', '0000-00-00', '0000-00-00', 3, 'Idqavy Iwfbq Coky Ljl Hbkkhd Uomtx Flna Clzo Goak Mhafbqlhez', '', '', 1, '', NULL, NULL, NULL, 3, 2, 2, 12, 0, 0, 'reguler', 0, '', '2016-09-02 15:56:46', NULL, NULL),
	(284, 'G651140275', 'Jzasp Sxhtptyk', 0, '2014', '0000-00-00', '0000-00-00', 3, 'Len Jfy Tkvtfv Kra Ujojc Josgrn Rvcnsb Cjnee Knjn Qqgiymjnjip', '', '', 1, '', NULL, NULL, NULL, 1, 2, 21, 66, 0, 0, 'reguler', 0, '', '2016-09-02 15:56:46', NULL, NULL),
	(285, 'G651140326', 'Iiip Cptflnidom', 0, '2014', '0000-00-00', '0000-00-00', 3, 'Aey Bsivk Pvh Gcvhe Cwcefn Zhmnv Pmpxy Yzzyvh Xsv Wdbxgfiyss', '', '', 1, '', NULL, NULL, NULL, 3, 2, 40, 20, 0, 0, 'reguler', 0, '', '2016-09-02 15:56:46', NULL, NULL),
	(286, 'G651140132', 'Rwi Nqqlj', 0, '2014', '0000-00-00', '0000-00-00', 3, 'Kwe Lseet Chces Cktx Iwi Pqiczq Fdd Pjcj Uvweo Jdneh', '', '', 1, '', NULL, NULL, NULL, 4, 2, 42, 2, 0, 0, 'reguler', 0, '', '2016-09-02 15:56:46', NULL, NULL),
	(287, 'G651140182', 'No Izat', 0, '2014', '0000-00-00', '0000-00-00', 3, 'Hhohll Tmbnry Pcvmas Kwd Jhk Gbm Svzd Jnlue Mvqasn Nydvuqyw', '', '', 1, '', NULL, NULL, NULL, 4, 2, 38, 21, 0, 0, 'reguler', 0, '', '2016-09-02 15:56:46', NULL, NULL),
	(288, 'G651140233', 'Gaj Zubehxpjb', 0, '2014', '0000-00-00', '0000-00-00', 3, 'Knhvgw Pkgcnk Jregjc Jopf Vmwean Pmm Slb Vdda Gebbus Etgagpe', '', '', 1, '', NULL, NULL, NULL, 3, 2, 40, 50, 0, 0, 'reguler', 0, '', '2016-09-02 15:56:46', NULL, NULL),
	(289, 'G651140592', 'Et Ncynef', 0, '2014', '0000-00-00', '0000-00-00', 3, 'Btqnzh Nszelr Zxqk Qaeplm Bxj Ploc Nhxrj Uvua Pwrvun Gqjaypwpjdm', '', '', 1, '', NULL, NULL, NULL, 3, 2, 40, 80, 0, 0, 'reguler', 0, '', '2016-09-02 15:56:46', NULL, NULL),
	(291, 'G651140874', 'Rtvj Kuuocsh', 0, '2014', '0000-00-00', '0000-00-00', 3, 'Yja Bdn Oefn Hyu Chbb Ynta Ggmqk Bdmgnu Myhjy Nvqoy', '', '', 1, '', NULL, NULL, NULL, 3, 2, 2, 21, 0, 0, 'reguler', 0, '', '2016-09-02 15:56:46', NULL, NULL),
	(293, 'G651140825', 'Jw Loph', 0, '2014', '0000-00-00', '0000-00-00', 3, 'Latdq Tvzx Lolx Gobnz Jxmtx Gmrjhg Jdpdx Cupgk Ijwt Wdasodargi', '', '', 1, '', NULL, NULL, NULL, 1, 2, 43, 2, 0, 0, 'reguler', 0, '', '2016-09-02 15:56:46', NULL, NULL),
	(294, 'G651150752', 'Tw Yllmcdkqy', 0, '2015', '0000-00-00', '0000-00-00', 1, 'Ucznm Wvn Yjdy Jyshl Hcs Sbften Eibr Evrqiu Xecpdw Xwrtrp', '', '', 1, '', NULL, NULL, NULL, 4, 2, 21, 66, 0, 0, 'reguler', 0, '', '2016-09-02 15:56:46', NULL, NULL),
	(295, 'G651140523', 'Wmga Kwd', 0, '2014', '0000-00-00', '0000-00-00', 3, 'Pdzj Kymjc Jqa Wwqwt Bbb Tgxltj Nnd Zsouw Xzeult Kweddiqf', '', '', 1, '', NULL, NULL, NULL, 1, 2, 25, 20, 0, 0, 'reguler', 0, '', '2016-09-02 15:56:46', NULL, NULL),
	(296, 'G651140719', 'Dii Xms', 0, '2015', '0000-00-00', '0000-00-00', 3, 'Ecc Hezw Fmvqj Ynvpc Qytqez Iux Ibfrvd Fqnfsz Vdgdkq Zwnygwjh', '', '', 1, '', NULL, NULL, NULL, 1, 1, 22, 91, 0, 0, 'reguler', 0, '', '2016-09-02 15:56:46', NULL, NULL),
	(297, 'G651140589', 'Joau Xeexq', 0, '2014', '0000-00-00', '0000-00-00', 3, 'Jyp Gqk Fxux Ufsbwb Vvrwhx Rowke Qsr Aoqzf Dbuxzc Pqmkpjjtprqfd', '', '', 1, '', NULL, NULL, NULL, 4, 2, 21, 2, 0, 0, 'reguler', 0, '', '2016-09-02 15:56:46', NULL, NULL),
	(299, 'G651140293', 'Nrddg Vlrzzyvfqp', 0, '2014', '0000-00-00', '0000-00-00', 3, 'Bykg Hrmk Xjevd Hyyenb Too Qyu Nzmi Pyxwf Jhhaj Uvvoju', '', '', 1, '', NULL, NULL, NULL, 3, 2, 21, 66, 0, 0, 'reguler', 0, '', '2016-09-02 15:56:46', NULL, NULL),
	(302, 'G651140620', 'Bm Qmodq', 0, '2014', '0000-00-00', '0000-00-00', 3, 'Jkbvde Kqvh Iuank Lbzgj Doj Olod Rxnybm Fod Uxckv Xctnjyd', '', '', 1, '', NULL, NULL, NULL, 1, 2, 40, 37, 0, 0, 'reguler', 0, '', '2016-09-02 15:56:46', NULL, NULL),
	(303, 'G651140691', 'Rk Kqyxhstq', 0, '2014', '0000-00-00', '0000-00-00', 3, 'Vujsu Vwt Mbuvru Arhj Lfrqy Vjkunh Xocfiz Xqmq Ytzpt Bzrnoki', '', '', 1, '', NULL, NULL, NULL, 1, 2, 2, 22, 0, 0, 'reguler', 0, '', '2016-09-02 15:56:46', NULL, NULL),
	(304, 'G651140483', 'Yv Piwco', 0, '2014', '0000-00-00', '0000-00-00', 3, 'Lfub Jrhj Lcfbd Luoyb Membor Tpvz Zafgfl Nica Soo Uthgj', '', '', 1, '', NULL, NULL, NULL, 3, 2, 2, 21, 0, 0, 'reguler', 0, '', '2016-09-02 15:56:46', NULL, NULL),
	(305, 'G651140971', 'Jfdum Dfqajsk', 0, '2014', '0000-00-00', '0000-00-00', 3, 'Zxo Rcl Uxe Zpz Dyjstm Hzymup Msdfl Qublkr Gefr Yrpxsiysuunfm', '', '', 1, '', NULL, NULL, NULL, 1, 2, 25, 69, 0, 0, 'reguler', 0, '', '2016-09-02 15:56:46', NULL, NULL),
	(307, 'G651140108', 'Yozdu Lxfrr', 0, '2014', '0000-00-00', '0000-00-00', 3, 'Xybjf Zffk Wamr Esaxpi Sqcjh Gmqvw Ukpzp Dxav Btpbzr Kayrpmxbnkmhw', '', '', 1, '', NULL, NULL, NULL, 3, 1, 44, 20, 0, 0, 'reguler', 0, '', '2016-09-02 15:56:46', NULL, NULL),
	(310, 'G651140469', 'Hk Ruarcojeu', 0, '2015', '0000-00-00', '0000-00-00', 3, 'Oeen Hyt Ypf Fqnbb Chf Ekl Ztvvmy Gkfcqx Qnos Rgfkhns', '', '', 1, '', NULL, NULL, NULL, 1, 2, 25, 75, 0, 0, 'reguler', 0, '', '2016-09-02 15:56:46', NULL, NULL),
	(311, 'G651140844', 'Ikrnm Xak', 0, '2014', '0000-00-00', '0000-00-00', 3, 'Besror Uvwlwx Xxvk Vanda Uyf Mth Wycst Sgchj Zvfgn Wtfuimnd', '', '', 1, '', NULL, NULL, NULL, 3, 2, 44, 20, 0, 0, 'reguler', 0, '', '2016-09-02 15:56:46', NULL, NULL),
	(313, 'G651140127', 'Wivfp Iwiq', 0, '2014', '0000-00-00', '0000-00-00', 3, 'Bwd Zsopb Lauhsp Xudo Ocvlvv Tdow Jiobd Ltne Wtgtaw Gqmmyxki', '', '', 1, '', NULL, NULL, NULL, 1, 2, 25, 22, 0, 0, 'reguler', 0, '', '2016-09-02 15:56:46', NULL, NULL),
	(314, 'G651140321', 'Sq Sfxtcgxwmw', 0, '2014', '0000-00-00', '0000-00-00', 3, 'Jvd Mwxpmp Lnfxa Ipcqm Myjmsb Fya Ctm Qnrxcw Ctmt Bavdgnygkijuy', '', '', 1, '', NULL, NULL, NULL, 1, 2, 44, 0, 0, 0, 'reguler', 0, '', '2016-09-02 15:56:46', NULL, NULL),
	(315, 'G651140077', 'Xwpa Kzp', 0, '2014', '0000-00-00', '0000-00-00', 3, 'Hsphbi Nqodtj Nlugr Rhmhs Uvt Xvlqsr Geej Qdr Cik Wfoeehhq', '', '', 1, '', NULL, NULL, NULL, 3, 2, 2, 12, 0, 0, 'reguler', 0, '', '2016-09-02 15:56:46', NULL, NULL),
	(317, 'G651140629', 'Wfbp Vickmcc', 0, '2014', '0000-00-00', '0000-00-00', 3, 'Huc Naoym Saxgk Hghfpi Xnxtba Ztwlgz Cqtixp Fgqb Dnd Cfrwhjinqntgz', '', '', 1, '', NULL, NULL, NULL, 4, 2, 12, 21, 0, 0, 'reguler', 0, '', '2016-09-02 15:56:46', NULL, NULL),
	(318, 'G651140409', 'Dkck Urbdv', 0, '2014', '0000-00-00', '0000-00-00', 3, 'Dumlkp Vkl Wgrxv Kmdf Brevmz Mmwxuh Zdqkjp Xuew Wvlppf Izyrrgn', '', '', 1, '', NULL, NULL, NULL, 4, 2, 22, 21, 0, 0, 'reguler', 0, '', '2016-09-02 15:56:46', NULL, NULL),
	(319, 'G651140775', 'Sck Bcfjmhywl', 0, '2014', '0000-00-00', '0000-00-00', 3, 'Vpmwk Ijydx Cwxbme Ltjvm Umc Tskrdp Qhq Htyg Aghml Tmbuwgkerwfpgl', '', '', 1, '', NULL, NULL, NULL, 1, 2, 40, 56, 0, 0, 'reguler', 0, '', '2016-09-02 15:56:46', NULL, NULL),
	(320, 'G651140592', 'Ptivg Ucdyhp', 0, '2014', '0000-00-00', '0000-00-00', 3, 'Lzorrj Xjcx Gnwdm Zlim Luqjfx Yyzbil Hcqhxq Moiqkd Ncawyd Wvpmrpffnzghsq', '', '', 1, '', NULL, NULL, NULL, 4, 2, 12, 21, 0, 0, 'reguler', 0, '', '2016-09-02 15:56:46', NULL, NULL),
	(321, 'G651140315', 'Bpenz Kdkfalcd', 0, '2014', '0000-00-00', '0000-00-00', 3, 'Cppn Wsa Xnvgo Edc Gxt Eqp Yeex Txistq Vjg Yjzwi', '', '', 1, '', NULL, NULL, NULL, 1, 2, 44, 90, 0, 0, 'reguler', 0, '', '2016-09-02 15:56:46', NULL, NULL),
	(322, 'G651140313', 'Ks Zebeuojc', 0, '2014', '0000-00-00', '0000-00-00', 3, 'Hfhemy Dyf Mvoi Itues Cijdce Ltllkr Cngvz Lgytce Nbvvnf Nycrbaj', '', '', 1, '', NULL, NULL, NULL, 3, 2, 44, 25, 0, 0, 'reguler', 0, '', '2016-09-02 15:56:46', NULL, NULL),
	(323, 'G651140382', 'Lx Kilbk', 0, '2014', '0000-00-00', '0000-00-00', 3, 'Soqh Bopx Nws Doi Dold Emx Osuolq Twcydw Ycsg Jcjoszmmwzgkd', '', '', 1, '', NULL, NULL, NULL, 4, 2, 44, 72, 0, 0, 'reguler', 0, '', '2016-09-02 15:56:46', NULL, NULL),
	(325, 'G651140676', 'Pqa Xnwfvkrad', 0, '2014', '0000-00-00', '0000-00-00', 3, 'Vsziac Ktm Tbzrf Zkyea Nogmj Mfqte Rwixph Ozhh Fedw Nyecyjnnc', '', '', 1, '', NULL, NULL, NULL, 4, 2, 44, 72, 0, 0, 'reguler', 0, '', '2016-09-02 15:56:46', NULL, NULL),
	(326, 'G651140588', 'Vaog Nxz', 0, '2014', '0000-00-00', '0000-00-00', 3, 'Ngqf Tfrgpf Grq Zjv Uvrtxe Groqmp Numjax Mujj Hlg Ghqispjdlv', '', '', 1, '', NULL, NULL, NULL, 1, 2, 25, 22, 75, 0, 'reguler', 0, '', '2016-09-02 15:56:46', NULL, NULL),
	(327, 'G651150679', 'Opw Hyt', 0, '2015', '0000-00-00', '0000-00-00', 1, 'Gjazvf Ofj Alda Fzjjck Toluz Pybr Fdagg Oycev Ogskv Aovkpzpcptaw', '', '', 1, '', NULL, NULL, NULL, 0, 1, 0, 0, 0, 0, 'reguler', 0, '', '2016-09-02 15:56:46', NULL, NULL),
	(328, 'G651130125', 'Awe Sbdcat', 0, '2013', '0000-00-00', '0000-00-00', 5, 'Jclive Jge Dfrld Lsh Gocptw Brg Ibhm Negeof Kjq Mdidso', '', '', 1, '', NULL, NULL, NULL, 6, 2, 21, 86, 0, 0, '', 0, '', '2016-09-02 15:56:46', NULL, NULL),
	(330, 'G651150753', 'Arfan Bandi', NULL, '2014', '2014-01-02', NULL, 4, 'Contoh Judul Tesis', NULL, 'Universitas Negeri Makassar', 1, 'Ilmu Komputer', 'Universitas Negeri Makassar', '-', '-', 0, 2, 9, 14, 5, 2, 'reguler', NULL, 'arfanbandi@ipb.net', '2016-10-12 01:54:47', '2016-10-12 02:34:04', NULL);
/*!40000 ALTER TABLE `mahasiswa` ENABLE KEYS */;

-- Dumping structure for table monitoring_tesis.messages
CREATE TABLE IF NOT EXISTS `messages` (
  `id` int(11) NOT NULL AUTO_INCREMENT,
  `from` int(11) NOT NULL,
  `to` int(11) NOT NULL,
  `message` longtext NOT NULL,
  `timestamp` timestamp NULL DEFAULT NULL,
  `read` tinyint(1) NOT NULL DEFAULT '0',
  `created_at` timestamp NOT NULL DEFAULT CURRENT_TIMESTAMP,
  `updated_at` timestamp NULL DEFAULT NULL,
  `deleted_at` timestamp NULL DEFAULT NULL,
  PRIMARY KEY (`id`)
) ENGINE=InnoDB DEFAULT CHARSET=latin1;

-- Dumping data for table monitoring_tesis.messages: ~0 rows (approximately)
/*!40000 ALTER TABLE `messages` DISABLE KEYS */;
/*!40000 ALTER TABLE `messages` ENABLE KEYS */;

-- Dumping structure for table monitoring_tesis.options
CREATE TABLE IF NOT EXISTS `options` (
  `id` int(11) NOT NULL AUTO_INCREMENT,
  `option_name` varchar(100) NOT NULL,
  `option_value` longtext CHARACTER SET utf8 COLLATE utf8_unicode_ci NOT NULL,
  `created_at` timestamp NOT NULL DEFAULT CURRENT_TIMESTAMP,
  `updated_at` timestamp NULL DEFAULT NULL,
  `deleted_at` timestamp NULL DEFAULT NULL,
  PRIMARY KEY (`id`)
) ENGINE=InnoDB AUTO_INCREMENT=8 DEFAULT CHARSET=latin1;

-- Dumping data for table monitoring_tesis.options: ~3 rows (approximately)
/*!40000 ALTER TABLE `options` DISABLE KEYS */;
INSERT INTO `options` (`id`, `option_name`, `option_value`, `created_at`, `updated_at`, `deleted_at`) VALUES
	(1, 'app_title', 'Monitoring Tesis', '2016-03-14 18:05:06', '2016-09-24 04:41:33', NULL),
	(2, 'app_description', 'Monitoring Tesis IPB', '2016-03-14 18:05:06', '2016-09-24 04:41:33', NULL),
	(7, 'announcement_count', '10', '2016-03-14 18:05:06', '2016-09-24 04:41:33', NULL);
/*!40000 ALTER TABLE `options` ENABLE KEYS */;

-- Dumping structure for table monitoring_tesis.pengumuman
CREATE TABLE IF NOT EXISTS `pengumuman` (
  `id` int(11) NOT NULL AUTO_INCREMENT,
  `pengumuman` longtext NOT NULL,
  `type` enum('penting','himbauan','peringatan') NOT NULL DEFAULT 'himbauan',
  `user_id` int(11) NOT NULL,
  `created_at` timestamp NOT NULL DEFAULT CURRENT_TIMESTAMP ON UPDATE CURRENT_TIMESTAMP,
  `updated_at` timestamp NULL DEFAULT NULL,
  `deleted_at` timestamp NOT NULL DEFAULT '0000-00-00 00:00:00',
  PRIMARY KEY (`id`)
) ENGINE=InnoDB AUTO_INCREMENT=4 DEFAULT CHARSET=latin1;

-- Dumping data for table monitoring_tesis.pengumuman: ~2 rows (approximately)
/*!40000 ALTER TABLE `pengumuman` DISABLE KEYS */;
INSERT INTO `pengumuman` (`id`, `pengumuman`, `type`, `user_id`, `created_at`, `updated_at`, `deleted_at`) VALUES
	(1, 'Lorem ipsum dolor sit amet, consectetur adipisicing elit, sed do eiusmod   tempor incididunt ut labore et dolore magna aliqua. Ut enim ad minim veniam,  quis nostrud exercitation ullamco laboris nisi ut aliquip ex ea commodo  consequat. Duis aute irure dolor in reprehenderit in voluptate velit esse cillum dolore eu fugiat nulla pariatur. Excepteur sint occaecat cupidatat non proident, sunt in culpa qui officia deserunt mollit anim id est laborum.', 'himbauan', 1, '2016-01-08 07:00:43', '2016-01-08 07:00:43', '0000-00-00 00:00:00'),
	(3, 'Lorem ipsum dolor sit amet, consectetur adipisicing elit, sed do eiusmod   tempor incididunt ut labore et dolore magna aliqua. Ut enim ad minim veniam,  quis nostrud exercitation ullamco laboris nisi ut aliquip ex ea commodo  consequat. Duis aute irure dolor in reprehenderit in voluptate velit esse cillum dolore eu fugiat nulla pariatur. Excepteur sint occaecat cupidatat non proident, sunt in culpa qui officia deserunt mollit anim id est laborum.', 'penting', 1, '2016-01-08 07:24:22', '2016-01-08 07:24:22', '0000-00-00 00:00:00');
/*!40000 ALTER TABLE `pengumuman` ENABLE KEYS */;

-- Dumping structure for table monitoring_tesis.program_studi
CREATE TABLE IF NOT EXISTS `program_studi` (
  `id` int(11) NOT NULL AUTO_INCREMENT,
  `program_studi` varchar(100) COLLATE utf8_unicode_ci NOT NULL DEFAULT '0',
  `fakultas_id` int(11) NOT NULL DEFAULT '0',
  `created_at` timestamp NOT NULL DEFAULT CURRENT_TIMESTAMP,
  `updated_at` timestamp NULL DEFAULT NULL,
  `deleted_at` timestamp NULL DEFAULT NULL,
  PRIMARY KEY (`id`),
  KEY `fakultas_id` (`fakultas_id`),
  CONSTRAINT `Fakultas` FOREIGN KEY (`fakultas_id`) REFERENCES `fakultas` (`id`)
) ENGINE=InnoDB AUTO_INCREMENT=6 DEFAULT CHARSET=utf8 COLLATE=utf8_unicode_ci COMMENT='(M) Program Studi';

-- Dumping data for table monitoring_tesis.program_studi: ~2 rows (approximately)
/*!40000 ALTER TABLE `program_studi` DISABLE KEYS */;
INSERT INTO `program_studi` (`id`, `program_studi`, `fakultas_id`, `created_at`, `updated_at`, `deleted_at`) VALUES
	(1, 'Prodi 1', 1, '2017-02-27 18:33:10', '2017-02-27 19:23:58', NULL),
	(2, 'Prodi 2', 2, '2017-02-27 18:33:10', NULL, NULL),
	(3, 'Prodi 3', 1, '2017-02-27 18:41:57', NULL, NULL),
	(4, 'Prodi 4', 1, '2017-02-27 18:42:27', NULL, NULL),
	(5, 'Prodi 5', 1, '2017-02-27 18:44:07', NULL, NULL);
/*!40000 ALTER TABLE `program_studi` ENABLE KEYS */;

-- Dumping structure for table monitoring_tesis.progress
CREATE TABLE IF NOT EXISTS `progress` (
  `id` int(11) NOT NULL AUTO_INCREMENT,
  `nama` varchar(45) NOT NULL,
  `urutan` int(45) DEFAULT NULL,
  `created_at` timestamp NOT NULL DEFAULT CURRENT_TIMESTAMP,
  `updated_at` timestamp NULL DEFAULT NULL,
  `deleted_at` timestamp NULL DEFAULT NULL,
  PRIMARY KEY (`id`)
) ENGINE=InnoDB AUTO_INCREMENT=16 DEFAULT CHARSET=latin1;

-- Dumping data for table monitoring_tesis.progress: ~12 rows (approximately)
/*!40000 ALTER TABLE `progress` DISABLE KEYS */;
INSERT INTO `progress` (`id`, `nama`, `urutan`, `created_at`, `updated_at`, `deleted_at`) VALUES
	(1, 'Belum Mulai', 1, '2016-09-03 23:09:38', NULL, NULL),
	(2, 'Prakolokium', 2, '2016-09-03 23:09:38', NULL, NULL),
	(3, 'Sidkom 1', 3, '2016-09-03 23:09:38', NULL, NULL),
	(4, 'Kolokium', 4, '2016-09-03 23:09:38', NULL, NULL),
	(5, 'Proposal', 5, '2016-09-03 23:09:38', NULL, NULL),
	(6, 'Sidkom 2', 6, '2016-09-03 23:09:38', NULL, NULL),
	(7, 'Praseminar', 7, '2016-09-03 23:09:38', NULL, NULL),
	(8, 'Seminar', 8, '2016-09-03 23:09:38', NULL, NULL),
	(9, 'Sidkom 3', 9, '2016-09-03 23:09:38', NULL, NULL),
	(10, 'Sidang', 10, '2016-09-03 23:09:38', NULL, NULL),
	(11, 'Lulus', 11, '2016-09-03 23:09:38', NULL, NULL),
	(15, 'Surat Keterangan Lulus (SKL)', 12, '2016-09-03 23:09:38', NULL, NULL);
/*!40000 ALTER TABLE `progress` ENABLE KEYS */;

-- Dumping structure for table monitoring_tesis.progress_mahasiswa
CREATE TABLE IF NOT EXISTS `progress_mahasiswa` (
  `id` int(11) NOT NULL AUTO_INCREMENT,
  `mahasiswa_id` int(11) NOT NULL,
  `progress_id` int(11) NOT NULL,
  `tanggal` date NOT NULL,
  `semester` int(11) NOT NULL,
  `nilai` char(2) DEFAULT NULL,
  `created_at` timestamp NOT NULL DEFAULT CURRENT_TIMESTAMP,
  `updated_at` timestamp NULL DEFAULT NULL,
  `deleted_at` timestamp NULL DEFAULT NULL,
  PRIMARY KEY (`id`),
  KEY `index-progress-mahasiswa` (`mahasiswa_id`,`progress_id`)
) ENGINE=InnoDB AUTO_INCREMENT=1506 DEFAULT CHARSET=latin1;

-- Dumping data for table monitoring_tesis.progress_mahasiswa: ~1,502 rows (approximately)
/*!40000 ALTER TABLE `progress_mahasiswa` DISABLE KEYS */;
INSERT INTO `progress_mahasiswa` (`id`, `mahasiswa_id`, `progress_id`, `tanggal`, `semester`, `nilai`, `created_at`, `updated_at`, `deleted_at`) VALUES
	(1, 1, 3, '2013-02-05', 4, '', '2016-09-03 23:11:18', NULL, NULL),
	(2, 1, 4, '2013-03-15', 4, '', '2016-09-03 23:11:18', NULL, NULL),
	(3, 1, 5, '2013-03-28', 4, '', '2016-09-03 23:11:18', NULL, NULL),
	(4, 2, 3, '2013-02-05', 3, '', '2016-09-03 23:11:18', NULL, NULL),
	(5, 2, 4, '2013-03-14', 4, '', '2016-09-03 23:11:18', NULL, NULL),
	(6, 2, 5, '2013-03-28', 4, '', '2016-09-03 23:11:18', NULL, NULL),
	(7, 2, 6, '2013-08-01', 4, '', '2016-09-03 23:11:18', NULL, NULL),
	(8, 3, 3, '2013-02-05', 3, '', '2016-09-03 23:11:18', NULL, NULL),
	(9, 3, 4, '2013-03-14', 4, '', '2016-09-03 23:11:18', NULL, NULL),
	(10, 3, 5, '2013-03-28', 4, '', '2016-09-03 23:11:18', NULL, NULL),
	(11, 3, 6, '2013-07-22', 4, '', '2016-09-03 23:11:18', NULL, NULL),
	(12, 4, 3, '2013-02-04', 0, '', '2016-09-03 23:11:18', NULL, NULL),
	(13, 4, 4, '2013-02-11', 0, '', '2016-09-03 23:11:18', NULL, NULL),
	(14, 4, 5, '2013-04-08', 0, '', '2016-09-03 23:11:18', NULL, NULL),
	(15, 5, 3, '2012-11-23', 3, '', '2016-09-03 23:11:18', NULL, NULL),
	(16, 5, 4, '2012-12-17', 3, '', '2016-09-03 23:11:18', NULL, NULL),
	(17, 5, 5, '2013-02-27', 4, '', '2016-09-03 23:11:18', NULL, NULL),
	(18, 5, 6, '2013-07-26', 4, '', '2016-09-03 23:11:18', NULL, NULL),
	(19, 5, 8, '2013-08-26', 4, '', '2016-09-03 23:11:18', NULL, NULL),
	(20, 5, 10, '2013-09-09', 5, '', '2016-09-03 23:11:18', NULL, NULL),
	(21, 5, 11, '2013-09-09', 5, '', '2016-09-03 23:11:18', NULL, NULL),
	(22, 6, 3, '2012-12-05', 0, '', '2016-09-03 23:11:18', NULL, NULL),
	(23, 6, 4, '2013-01-31', 0, '', '2016-09-03 23:11:18', NULL, NULL),
	(24, 6, 5, '2013-03-28', 0, '', '2016-09-03 23:11:18', NULL, NULL),
	(25, 8, 3, '2012-12-19', 3, '', '2016-09-03 23:11:18', NULL, NULL),
	(26, 8, 4, '2013-02-13', 4, '', '2016-09-03 23:11:18', NULL, NULL),
	(27, 8, 5, '2013-03-13', 4, '', '2016-09-03 23:11:18', NULL, NULL),
	(28, 8, 6, '2013-07-26', 4, '', '2016-09-03 23:11:18', NULL, NULL),
	(29, 8, 8, '2013-08-29', 4, '', '2016-09-03 23:11:18', NULL, NULL),
	(30, 8, 10, '2013-09-16', 5, '', '2016-09-03 23:11:18', NULL, NULL),
	(31, 257, 5, '2015-01-14', 1, '', '2016-09-03 23:11:18', NULL, NULL),
	(32, 9, 3, '2012-11-27', 3, '', '2016-09-03 23:11:18', NULL, NULL),
	(33, 9, 4, '2012-12-14', 3, '', '2016-09-03 23:11:18', NULL, NULL),
	(34, 9, 5, '2013-03-21', 4, '', '2016-09-03 23:11:18', NULL, NULL),
	(35, 9, 6, '2013-06-28', 4, '', '2016-09-03 23:11:18', NULL, NULL),
	(36, 9, 8, '2013-07-25', 4, '', '2016-09-03 23:11:18', NULL, NULL),
	(37, 9, 10, '2013-08-22', 4, '', '2016-09-03 23:11:18', NULL, NULL),
	(38, 56, 8, '2015-01-12', 5, '', '2016-09-03 23:11:18', NULL, NULL),
	(39, 10, 3, '2013-01-15', 3, '', '2016-09-03 23:11:18', NULL, NULL),
	(40, 10, 4, '2013-02-07', 4, '', '2016-09-03 23:11:18', NULL, NULL),
	(41, 10, 5, '2013-03-13', 4, '', '2016-09-03 23:11:18', NULL, NULL),
	(42, 10, 6, '2013-06-20', 4, '', '2016-09-03 23:11:18', NULL, NULL),
	(43, 10, 8, '2013-08-29', 4, '', '2016-09-03 23:11:18', NULL, NULL),
	(44, 10, 10, '2013-09-16', 5, '', '2016-09-03 23:11:18', NULL, NULL),
	(45, 62, 10, '2015-01-15', 5, '', '2016-09-03 23:11:18', NULL, NULL),
	(46, 11, 3, '2012-12-07', 3, '', '2016-09-03 23:11:18', NULL, NULL),
	(47, 11, 4, '2013-02-12', 4, '', '2016-09-03 23:11:18', NULL, NULL),
	(48, 11, 5, '2013-03-28', 4, '', '2016-09-03 23:11:18', NULL, NULL),
	(49, 11, 6, '2013-08-20', 4, '', '2016-09-03 23:11:18', NULL, NULL),
	(50, 12, 3, '2012-12-13', 3, '', '2016-09-03 23:11:18', NULL, NULL),
	(51, 12, 4, '2013-02-08', 4, '', '2016-09-03 23:11:18', NULL, NULL),
	(52, 12, 5, '2013-02-18', 4, '', '2016-09-03 23:11:18', NULL, NULL),
	(53, 12, 6, '2013-07-13', 4, '', '2016-09-03 23:11:18', NULL, NULL),
	(54, 12, 8, '2013-07-25', 4, '', '2016-09-03 23:11:18', NULL, NULL),
	(55, 12, 10, '2013-07-31', 4, '', '2016-09-03 23:11:18', NULL, NULL),
	(56, 53, 10, '2015-01-19', 5, '', '2016-09-03 23:11:18', NULL, NULL),
	(57, 13, 3, '2012-11-28', 3, '', '2016-09-03 23:11:18', NULL, NULL),
	(58, 13, 4, '2012-12-14', 3, '', '2016-09-03 23:11:18', NULL, NULL),
	(59, 13, 5, '2013-03-21', 4, '', '2016-09-03 23:11:18', NULL, NULL),
	(60, 13, 6, '2013-06-26', 4, '', '2016-09-03 23:11:18', NULL, NULL),
	(61, 14, 3, '2012-11-28', 3, '', '2016-09-03 23:11:18', NULL, NULL),
	(62, 14, 4, '2012-12-14', 3, '', '2016-09-03 23:11:18', NULL, NULL),
	(63, 14, 5, '2013-03-15', 4, '', '2016-09-03 23:11:18', NULL, NULL),
	(64, 14, 6, '2013-06-26', 4, '', '2016-09-03 23:11:18', NULL, NULL),
	(65, 14, 8, '2013-07-18', 4, '', '2016-09-03 23:11:18', NULL, NULL),
	(66, 14, 10, '2013-07-22', 4, '', '2016-09-03 23:11:18', NULL, NULL),
	(67, 14, 11, '2013-07-22', 4, '', '2016-09-03 23:11:18', NULL, NULL),
	(68, 15, 3, '2013-02-05', 0, '', '2016-09-03 23:11:18', NULL, NULL),
	(69, 15, 4, '2013-02-18', 0, '', '2016-09-03 23:11:18', NULL, NULL),
	(70, 16, 3, '2012-12-11', 3, '', '2016-09-03 23:11:18', NULL, NULL),
	(71, 16, 4, '2013-01-16', 3, '', '2016-09-03 23:11:18', NULL, NULL),
	(72, 16, 5, '2013-03-25', 4, '', '2016-09-03 23:11:18', NULL, NULL),
	(73, 16, 6, '2013-07-29', 4, '', '2016-09-03 23:11:18', NULL, NULL),
	(74, 163, 3, '2014-12-06', 3, '', '2016-09-03 23:11:18', NULL, NULL),
	(75, 16, 10, '2013-09-10', 5, '', '2016-09-03 23:11:18', NULL, NULL),
	(76, 18, 3, '2012-12-13', 3, '', '2016-09-03 23:11:18', NULL, NULL),
	(77, 18, 4, '2013-02-08', 4, '', '2016-09-03 23:11:18', NULL, NULL),
	(78, 18, 5, '2013-03-15', 4, '', '2016-09-03 23:11:18', NULL, NULL),
	(79, 18, 6, '2013-07-15', 4, '', '2016-09-03 23:11:18', NULL, NULL),
	(80, 18, 8, '2013-08-26', 5, '', '2016-09-03 23:11:18', NULL, NULL),
	(81, 18, 10, '2013-09-17', 5, '', '2016-09-03 23:11:18', NULL, NULL),
	(82, 20, 10, '2014-01-23', 5, '', '2016-09-03 23:11:18', NULL, NULL),
	(83, 19, 3, '2013-02-08', 4, '', '2016-09-03 23:11:18', NULL, NULL),
	(84, 19, 4, '2013-03-08', 4, '', '2016-09-03 23:11:18', NULL, NULL),
	(85, 19, 5, '2013-04-08', 4, '', '2016-09-03 23:11:18', NULL, NULL),
	(86, 19, 6, '2013-08-19', 4, '', '2016-09-03 23:11:18', NULL, NULL),
	(87, 20, 3, '2013-04-02', 4, '', '2016-09-03 23:11:18', NULL, NULL),
	(88, 20, 4, '2013-09-05', 5, '', '2016-09-03 23:11:18', NULL, NULL),
	(89, 22, 3, '2013-02-05', 3, '', '2016-09-03 23:11:18', NULL, NULL),
	(90, 22, 4, '2013-02-12', 3, '', '2016-09-03 23:11:18', NULL, NULL),
	(91, 22, 5, '2013-04-08', 4, '', '2016-09-03 23:11:18', NULL, NULL),
	(92, 22, 6, '2013-08-01', 4, '', '2016-09-03 23:11:18', NULL, NULL),
	(93, 23, 3, '2012-12-13', 3, '', '2016-09-03 23:11:18', NULL, NULL),
	(94, 23, 4, '2013-02-08', 3, '', '2016-09-03 23:11:18', NULL, NULL),
	(95, 23, 5, '2013-03-15', 4, '', '2016-09-03 23:11:18', NULL, NULL),
	(96, 23, 6, '2013-07-15', 4, '', '2016-09-03 23:11:18', NULL, NULL),
	(97, 23, 8, '2013-08-26', 4, '', '2016-09-03 23:11:18', NULL, NULL),
	(98, 23, 10, '2013-09-17', 5, '', '2016-09-03 23:11:18', NULL, NULL),
	(99, 23, 11, '2013-09-17', 5, '', '2016-09-03 23:11:18', NULL, NULL),
	(100, 24, 3, '2013-01-16', 3, '', '2016-09-03 23:11:18', NULL, NULL),
	(101, 24, 4, '2013-02-13', 4, '', '2016-09-03 23:11:18', NULL, NULL),
	(102, 24, 5, '2013-03-28', 4, '', '2016-09-03 23:11:18', NULL, NULL),
	(103, 24, 6, '2013-06-26', 4, '', '2016-09-03 23:11:18', NULL, NULL),
	(104, 25, 3, '2013-01-23', 3, '', '2016-09-03 23:11:18', NULL, NULL),
	(105, 25, 4, '2013-01-30', 3, '', '2016-09-03 23:11:18', NULL, NULL),
	(106, 25, 5, '2013-02-14', 4, '', '2016-09-03 23:11:18', NULL, NULL),
	(107, 25, 6, '2013-07-29', 4, '', '2016-09-03 23:11:18', NULL, NULL),
	(108, 26, 3, '2012-12-13', 3, '', '2016-09-03 23:11:18', NULL, NULL),
	(109, 26, 4, '2013-02-08', 4, '', '2016-09-03 23:11:18', NULL, NULL),
	(110, 26, 5, '2013-03-13', 4, '', '2016-09-03 23:11:18', NULL, NULL),
	(111, 26, 6, '2013-07-15', 4, '', '2016-09-03 23:11:18', NULL, NULL),
	(112, 26, 8, '2013-08-22', 4, '', '2016-09-03 23:11:18', NULL, NULL),
	(113, 26, 10, '2013-08-30', 4, '', '2016-09-03 23:11:18', NULL, NULL),
	(114, 26, 11, '2013-08-30', 4, '', '2016-09-03 23:11:18', NULL, NULL),
	(115, 27, 3, '2013-01-15', 3, '', '2016-09-03 23:11:18', NULL, NULL),
	(116, 27, 4, '2013-02-07', 3, '', '2016-09-03 23:11:18', NULL, NULL),
	(117, 27, 5, '2013-03-13', 4, '', '2016-09-03 23:11:18', NULL, NULL),
	(118, 27, 6, '2013-06-20', 4, '', '2016-09-03 23:11:18', NULL, NULL),
	(119, 27, 8, '2013-08-29', 4, '', '2016-09-03 23:11:18', NULL, NULL),
	(120, 28, 3, '2012-12-12', 3, '', '2016-09-03 23:11:18', NULL, NULL),
	(121, 28, 4, '2012-12-20', 3, '', '2016-09-03 23:11:18', NULL, NULL),
	(122, 28, 5, '2013-03-28', 4, '', '2016-09-03 23:11:18', NULL, NULL),
	(123, 28, 6, '2013-09-03', 5, '', '2016-09-03 23:11:18', NULL, NULL),
	(124, 29, 3, '2012-12-01', 3, '', '2016-09-03 23:11:18', NULL, NULL),
	(125, 29, 4, '2013-02-22', 4, '', '2016-09-03 23:11:18', NULL, NULL),
	(126, 29, 5, '2013-03-27', 4, '', '2016-09-03 23:11:18', NULL, NULL),
	(127, 30, 3, '2012-11-28', 3, '', '2016-09-03 23:11:18', NULL, NULL),
	(128, 30, 4, '2012-12-13', 3, '', '2016-09-03 23:11:18', NULL, NULL),
	(129, 30, 5, '2013-03-13', 4, '', '2016-09-03 23:11:18', NULL, NULL),
	(130, 30, 6, '2013-06-07', 4, '', '2016-09-03 23:11:18', NULL, NULL),
	(131, 30, 8, '2013-06-20', 4, '', '2016-09-03 23:11:18', NULL, NULL),
	(132, 30, 10, '2013-07-17', 4, '', '2016-09-03 23:11:18', NULL, NULL),
	(133, 30, 11, '2013-07-17', 4, '', '2016-09-03 23:11:18', NULL, NULL),
	(134, 31, 3, '2012-01-05', 4, '', '2016-09-03 23:11:18', NULL, NULL),
	(135, 31, 4, '2013-01-25', 4, '', '2016-09-03 23:11:18', NULL, NULL),
	(136, 31, 5, '2013-03-28', 4, '', '2016-09-03 23:11:18', NULL, NULL),
	(137, 32, 3, '2012-11-27', 3, '', '2016-09-03 23:11:18', NULL, NULL),
	(138, 32, 4, '2012-12-17', 3, '', '2016-09-03 23:11:18', NULL, NULL),
	(139, 32, 5, '2013-02-11', 4, '', '2016-09-03 23:11:18', NULL, NULL),
	(140, 32, 6, '2013-06-24', 4, '', '2016-09-03 23:11:18', NULL, NULL),
	(141, 32, 8, '2013-08-19', 4, '', '2016-09-03 23:11:18', NULL, NULL),
	(142, 32, 10, '2013-08-31', 4, '', '2016-09-03 23:11:18', NULL, NULL),
	(143, 32, 11, '2013-12-31', 4, '', '2016-09-03 23:11:18', NULL, NULL),
	(144, 37, 3, '2013-08-28', 4, '', '2016-09-03 23:11:18', NULL, NULL),
	(145, 38, 3, '2013-05-16', 3, '', '2016-09-03 23:11:18', NULL, NULL),
	(146, 38, 4, '2013-12-13', 4, '', '2016-09-03 23:11:18', NULL, NULL),
	(147, 39, 3, '2013-07-04', 3, '', '2016-09-03 23:11:18', NULL, NULL),
	(148, 39, 4, '2013-12-05', 4, '', '2016-09-03 23:11:18', NULL, NULL),
	(149, 40, 3, '2013-07-24', 3, '', '2016-09-03 23:11:18', NULL, NULL),
	(150, 40, 4, '2013-07-30', 3, 'A', '2016-09-03 23:11:18', NULL, NULL),
	(151, 40, 5, '2013-09-06', 4, '', '2016-09-03 23:11:18', NULL, NULL),
	(152, 40, 6, '2013-12-09', 4, '', '2016-09-03 23:11:18', NULL, NULL),
	(153, 2, 8, '2013-09-19', 5, '', '2016-09-03 23:11:18', NULL, NULL),
	(154, 2, 10, '2013-09-26', 5, '', '2016-09-03 23:11:18', NULL, NULL),
	(155, 25, 8, '2013-08-29', 4, '', '2016-09-03 23:11:18', NULL, NULL),
	(156, 25, 10, '2013-11-13', 5, '', '2016-09-03 23:11:18', NULL, NULL),
	(157, 31, 6, '2013-09-25', 5, '', '2016-09-03 23:11:18', NULL, NULL),
	(158, 31, 8, '2013-11-28', 5, '', '2016-09-03 23:11:18', NULL, NULL),
	(159, 31, 10, '2013-12-12', 5, '', '2016-09-03 23:11:18', NULL, NULL),
	(160, 27, 10, '2013-09-25', 5, '', '2016-09-03 23:11:18', NULL, NULL),
	(161, 19, 10, '2014-01-28', 5, '', '2016-09-03 23:11:18', NULL, NULL),
	(162, 41, 1, '2013-12-16', 3, '', '2016-09-03 23:11:18', NULL, NULL),
	(163, 43, 3, '2013-11-14', 3, '', '2016-09-03 23:11:18', NULL, NULL),
	(164, 42, 3, '2011-12-30', 0, '', '2016-09-03 23:11:18', NULL, NULL),
	(165, 45, 3, '2012-02-08', 0, '', '2016-09-03 23:11:18', NULL, NULL),
	(166, 42, 4, '2012-02-04', 0, '', '2016-09-03 23:11:18', NULL, NULL),
	(167, 42, 5, '2012-02-15', 0, '', '2016-09-03 23:11:18', NULL, NULL),
	(168, 42, 6, '2013-01-30', 0, '', '2016-09-03 23:11:18', NULL, NULL),
	(169, 50, 3, '2013-09-19', 3, '', '2016-09-03 23:11:18', NULL, NULL),
	(170, 42, 8, '2013-09-21', 0, '', '2016-09-03 23:11:18', NULL, NULL),
	(171, 50, 4, '2013-12-12', 3, '', '2016-09-03 23:11:18', NULL, NULL),
	(172, 42, 9, '2013-11-30', 8, '', '2016-09-03 23:11:18', NULL, NULL),
	(173, 199, 3, '2013-12-17', 3, '', '2016-09-03 23:11:18', NULL, NULL),
	(174, 56, 3, '2013-12-18', 3, '', '2016-09-03 23:11:18', NULL, NULL),
	(175, 52, 3, '2011-07-22', 0, '', '2016-09-03 23:11:18', NULL, NULL),
	(176, 52, 4, '2011-07-29', 0, '', '2016-09-03 23:11:18', NULL, NULL),
	(177, 58, 3, '2013-12-04', 3, '', '2016-09-03 23:11:18', NULL, NULL),
	(178, 52, 5, '2011-08-13', 0, '', '2016-09-03 23:11:18', NULL, NULL),
	(179, 52, 6, '2011-08-28', 0, '', '2016-09-03 23:11:18', NULL, NULL),
	(180, 52, 8, '2011-09-17', 0, '', '2016-09-03 23:11:18', NULL, NULL),
	(181, 60, 3, '2013-09-19', 3, '', '2016-09-03 23:11:18', NULL, NULL),
	(182, 52, 10, '2011-09-24', 0, '', '2016-09-03 23:11:18', NULL, NULL),
	(183, 60, 4, '2013-12-12', 3, '', '2016-09-03 23:11:18', NULL, NULL),
	(184, 24, 10, '2014-02-05', 6, '', '2016-09-03 23:11:18', NULL, NULL),
	(185, 55, 3, '2011-12-30', 0, '', '2016-09-03 23:11:18', NULL, NULL),
	(186, 55, 4, '2012-01-21', 0, '', '2016-09-03 23:11:18', NULL, NULL),
	(187, 55, 5, '2012-01-30', 0, '', '2016-09-03 23:11:18', NULL, NULL),
	(188, 55, 6, '2012-08-14', 0, '', '2016-09-03 23:11:18', NULL, NULL),
	(189, 62, 3, '2013-12-09', 3, '', '2016-09-03 23:11:18', NULL, NULL),
	(190, 55, 8, '2012-09-15', 0, '', '2016-09-03 23:11:18', NULL, NULL),
	(191, 55, 10, '2012-09-29', 0, '', '2016-09-03 23:11:18', NULL, NULL),
	(192, 64, 3, '2013-12-21', 3, '', '2016-09-03 23:11:18', NULL, NULL),
	(193, 45, 4, '2012-04-14', 0, '', '2016-09-03 23:11:18', NULL, NULL),
	(194, 47, 3, '2012-02-01', 0, '', '2016-09-03 23:11:18', NULL, NULL),
	(195, 47, 4, '2012-02-11', 0, '', '2016-09-03 23:11:18', NULL, NULL),
	(196, 48, 3, '2012-07-05', 0, '', '2016-09-03 23:11:18', NULL, NULL),
	(197, 66, 3, '2013-12-18', 3, '', '2016-09-03 23:11:18', NULL, NULL),
	(198, 68, 3, '2013-12-06', 3, '', '2016-09-03 23:11:18', NULL, NULL),
	(199, 72, 3, '2013-12-18', 3, '', '2016-09-03 23:11:18', NULL, NULL),
	(200, 75, 3, '2013-12-14', 3, '', '2016-09-03 23:11:18', NULL, NULL),
	(201, 81, 9, '2015-02-27', 7, '', '2016-09-03 23:11:18', NULL, NULL),
	(202, 82, 3, '2013-04-09', 4, '', '2016-09-03 23:11:18', NULL, NULL),
	(203, 87, 3, '2013-06-29', 3, '', '2016-09-03 23:11:18', NULL, NULL),
	(204, 101, 3, '2013-11-08', 3, '', '2016-09-03 23:11:18', NULL, NULL),
	(205, 102, 3, '2013-11-26', 3, '', '2016-09-03 23:11:18', NULL, NULL),
	(206, 102, 4, '2013-12-10', 3, '', '2016-09-03 23:11:18', NULL, NULL),
	(207, 69, 3, '2012-06-29', 0, '', '2016-09-03 23:11:18', NULL, NULL),
	(208, 69, 4, '2012-06-30', 0, '', '2016-09-03 23:11:18', NULL, NULL),
	(209, 69, 5, '2012-10-25', 0, '', '2016-09-03 23:11:18', NULL, NULL),
	(210, 69, 6, '2013-05-18', 0, '', '2016-09-03 23:11:18', NULL, NULL),
	(211, 69, 8, '2013-08-31', 0, '', '2016-09-03 23:11:18', NULL, NULL),
	(212, 69, 9, '2013-11-30', 0, '', '2016-09-03 23:11:18', NULL, NULL),
	(213, 22, 8, '2014-01-23', 4, '', '2016-09-03 23:11:18', NULL, NULL),
	(214, 74, 3, '2012-01-09', 0, '', '2016-09-03 23:11:18', NULL, NULL),
	(215, 74, 4, '2012-02-18', 0, '', '2016-09-03 23:11:18', NULL, NULL),
	(216, 74, 5, '2012-12-04', 0, '', '2016-09-03 23:11:18', NULL, NULL),
	(217, 74, 6, '2013-04-18', 0, '', '2016-09-03 23:11:18', NULL, NULL),
	(218, 74, 8, '2013-06-01', 0, '', '2016-09-03 23:11:18', NULL, NULL),
	(219, 106, 3, '2013-11-14', 3, '', '2016-09-03 23:11:18', NULL, NULL),
	(220, 74, 10, '2013-07-18', 0, '', '2016-09-03 23:11:18', NULL, NULL),
	(221, 76, 3, '2012-01-16', 0, '', '2016-09-03 23:11:18', NULL, NULL),
	(222, 76, 4, '2012-05-07', 0, '', '2016-09-03 23:11:18', NULL, NULL),
	(223, 76, 5, '2012-10-25', 0, '', '2016-09-03 23:11:18', NULL, NULL),
	(224, 52, 11, '2011-09-24', 0, '', '2016-09-03 23:11:18', NULL, NULL),
	(225, 55, 11, '2012-09-29', 0, '', '2016-09-03 23:11:18', NULL, NULL),
	(226, 109, 3, '2013-10-23', 3, '', '2016-09-03 23:11:18', NULL, NULL),
	(227, 109, 4, '2013-12-10', 3, '', '2016-09-03 23:11:18', NULL, NULL),
	(228, 110, 3, '2013-11-11', 3, '', '2016-09-03 23:11:18', NULL, NULL),
	(229, 110, 4, '2013-12-10', 3, '', '2016-09-03 23:11:18', NULL, NULL),
	(230, 76, 6, '2013-01-11', 0, '', '2016-09-03 23:11:18', NULL, NULL),
	(231, 76, 8, '2013-06-29', 0, '', '2016-09-03 23:11:18', NULL, NULL),
	(232, 76, 10, '2013-09-13', 0, '', '2016-09-03 23:11:18', NULL, NULL),
	(233, 76, 11, '2013-09-13', 0, '', '2016-09-03 23:11:18', NULL, NULL),
	(234, 77, 3, '2012-02-27', 0, '', '2016-09-03 23:11:18', NULL, NULL),
	(235, 77, 4, '2012-03-10', 0, '', '2016-09-03 23:11:18', NULL, NULL),
	(236, 77, 5, '2012-05-08', 0, '', '2016-09-03 23:11:18', NULL, NULL),
	(237, 111, 3, '2013-11-11', 3, '', '2016-09-03 23:11:18', NULL, NULL),
	(238, 111, 4, '2013-12-10', 3, '', '2016-09-03 23:11:18', NULL, NULL),
	(239, 78, 3, '2012-02-18', 0, '', '2016-09-03 23:11:18', NULL, NULL),
	(240, 78, 4, '2012-06-09', 0, '', '2016-09-03 23:11:18', NULL, NULL),
	(241, 112, 3, '2013-11-27', 3, '', '2016-09-03 23:11:18', NULL, NULL),
	(242, 78, 5, '2012-12-27', 0, '', '2016-09-03 23:11:18', NULL, NULL),
	(243, 79, 3, '2012-07-03', 0, '', '2016-09-03 23:11:18', NULL, NULL),
	(244, 113, 3, '2013-12-19', 3, '', '2016-09-03 23:11:18', NULL, NULL),
	(245, 95, 3, '2014-03-24', 3, '', '2016-09-03 23:11:18', NULL, NULL),
	(246, 115, 3, '2013-11-08', 3, '', '2016-09-03 23:11:18', NULL, NULL),
	(247, 116, 3, '2013-11-11', 3, '', '2016-09-03 23:11:18', NULL, NULL),
	(248, 116, 4, '2013-12-10', 3, '', '2016-09-03 23:11:18', NULL, NULL),
	(249, 117, 3, '2013-12-07', 3, '', '2016-09-03 23:11:18', NULL, NULL),
	(250, 28, 8, '2013-09-19', 5, '', '2016-09-03 23:11:18', NULL, NULL),
	(251, 28, 10, '2013-12-21', 5, '', '2016-09-03 23:11:18', NULL, NULL),
	(252, 120, 3, '2015-01-15', 3, '', '2016-09-03 23:11:18', NULL, NULL),
	(253, 121, 3, '2014-12-22', 3, '', '2016-09-03 23:11:18', NULL, NULL),
	(254, 123, 4, '2015-03-18', 4, '', '2016-09-03 23:11:18', NULL, NULL),
	(255, 123, 3, '2015-03-15', 4, '', '2016-09-03 23:11:18', NULL, NULL),
	(256, 124, 5, '2015-01-22', 4, '', '2016-09-03 23:11:18', NULL, NULL),
	(257, 125, 5, '2014-12-23', 3, '', '2016-09-03 23:11:18', NULL, NULL),
	(258, 126, 5, '2015-02-07', 4, '', '2016-09-03 23:11:18', NULL, NULL),
	(259, 127, 1, '2013-09-02', 0, '', '2016-09-03 23:11:18', NULL, NULL),
	(260, 128, 1, '2013-09-02', 0, '', '2016-09-03 23:11:18', NULL, NULL),
	(261, 129, 1, '2013-09-02', 0, '', '2016-09-03 23:11:18', NULL, NULL),
	(262, 130, 3, '2015-01-15', 3, '', '2016-09-03 23:11:18', NULL, NULL),
	(263, 131, 1, '2013-09-02', 0, '', '2016-09-03 23:11:18', NULL, NULL),
	(264, 132, 5, '2015-01-26', 4, '', '2016-09-03 23:11:18', NULL, NULL),
	(265, 133, 3, '2015-01-26', 3, '', '2016-09-03 23:11:18', NULL, NULL),
	(266, 134, 4, '2015-03-15', 4, '', '2016-09-03 23:11:18', NULL, NULL),
	(267, 135, 5, '2015-02-24', 3, '', '2016-09-03 23:11:18', NULL, NULL),
	(268, 136, 1, '2013-09-02', 0, '', '2016-09-03 23:11:18', NULL, NULL),
	(269, 137, 5, '2015-01-27', 3, '', '2016-09-03 23:11:18', NULL, NULL),
	(270, 138, 1, '2013-09-02', 0, '', '2016-09-03 23:11:18', NULL, NULL),
	(271, 139, 1, '2013-09-02', 0, '', '2016-09-03 23:11:18', NULL, NULL),
	(272, 140, 1, '2013-09-02', 0, '', '2016-09-03 23:11:18', NULL, NULL),
	(273, 141, 3, '2015-02-03', 4, '', '2016-09-03 23:11:18', NULL, NULL),
	(274, 142, 1, '2013-09-02', 0, '', '2016-09-03 23:11:18', NULL, NULL),
	(275, 143, 3, '2015-01-27', 3, '', '2016-09-03 23:11:18', NULL, NULL),
	(276, 144, 1, '2013-09-02', 0, '', '2016-09-03 23:11:18', NULL, NULL),
	(277, 145, 1, '2013-09-02', 0, '', '2016-09-03 23:11:18', NULL, NULL),
	(278, 146, 1, '2013-09-02', 0, '', '2016-09-03 23:11:18', NULL, NULL),
	(279, 147, 1, '2013-09-02', 0, '', '2016-09-03 23:11:18', NULL, NULL),
	(280, 148, 1, '2013-09-02', 0, '', '2016-09-03 23:11:18', NULL, NULL),
	(281, 149, 1, '2013-09-02', 0, '', '2016-09-03 23:11:18', NULL, NULL),
	(282, 150, 1, '2013-09-02', 0, '', '2016-09-03 23:11:18', NULL, NULL),
	(283, 151, 1, '2013-09-02', 0, '', '2016-09-03 23:11:18', NULL, NULL),
	(284, 152, 1, '2013-09-02', 0, '', '2016-09-03 23:11:18', NULL, NULL),
	(285, 153, 1, '2013-09-02', 0, '', '2016-09-03 23:11:18', NULL, NULL),
	(286, 154, 1, '2013-09-02', 0, '', '2016-09-03 23:11:18', NULL, NULL),
	(287, 155, 1, '2013-09-02', 0, '', '2016-09-03 23:11:18', NULL, NULL),
	(288, 156, 1, '2013-09-02', 0, '', '2016-09-03 23:11:18', NULL, NULL),
	(289, 157, 1, '2013-09-02', 0, '', '2016-09-03 23:11:18', NULL, NULL),
	(290, 89, 1, '2012-10-19', 1, '', '2016-09-03 23:11:18', NULL, NULL),
	(291, 90, 1, '2012-10-19', 1, '', '2016-09-03 23:11:18', NULL, NULL),
	(292, 91, 1, '2012-10-19', 1, '', '2016-09-03 23:11:18', NULL, NULL),
	(293, 92, 1, '2012-10-19', 1, '', '2016-09-03 23:11:18', NULL, NULL),
	(294, 93, 1, '2012-10-19', 1, '', '2016-09-03 23:11:18', NULL, NULL),
	(295, 94, 1, '2012-10-19', 1, '', '2016-09-03 23:11:18', NULL, NULL),
	(296, 95, 1, '2012-10-19', 1, '', '2016-09-03 23:11:18', NULL, NULL),
	(297, 96, 1, '2012-10-19', 1, '', '2016-09-03 23:11:18', NULL, NULL),
	(298, 97, 1, '2012-10-19', 1, '', '2016-09-03 23:11:18', NULL, NULL),
	(299, 98, 1, '2012-10-19', 1, '', '2016-09-03 23:11:18', NULL, NULL),
	(300, 99, 1, '2012-10-19', 1, '', '2016-09-03 23:11:18', NULL, NULL),
	(301, 100, 1, '2012-10-19', 1, '', '2016-09-03 23:11:18', NULL, NULL),
	(302, 3, 8, '2013-09-09', 5, '', '2016-09-03 23:11:18', NULL, NULL),
	(303, 3, 10, '2013-09-16', 5, '', '2016-09-03 23:11:18', NULL, NULL),
	(304, 44, 3, '2014-03-08', 3, '', '2016-09-03 23:11:18', NULL, NULL),
	(305, 199, 11, '2014-09-22', 5, '', '2016-09-03 23:11:18', NULL, NULL),
	(306, 49, 1, '2012-09-03', 3, '', '2016-09-03 23:11:18', NULL, NULL),
	(307, 53, 4, '2014-01-28', 3, '', '2016-09-03 23:11:18', NULL, NULL),
	(308, 65, 4, '2014-01-29', 0, '', '2016-09-03 23:11:18', NULL, NULL),
	(309, 54, 1, '2012-09-03', 3, '', '2016-09-03 23:11:18', NULL, NULL),
	(310, 57, 4, '2014-01-20', 0, '', '2016-09-03 23:11:18', NULL, NULL),
	(311, 73, 4, '2014-01-29', 3, '', '2016-09-03 23:11:18', NULL, NULL),
	(312, 70, 4, '2014-01-29', 3, '', '2016-09-03 23:11:18', NULL, NULL),
	(313, 107, 4, '2014-01-28', 3, '', '2016-09-03 23:11:18', NULL, NULL),
	(314, 73, 3, '2014-01-15', 3, '', '2016-09-03 23:11:18', NULL, NULL),
	(315, 61, 3, '2013-12-13', 3, '', '2016-09-03 23:11:18', NULL, NULL),
	(316, 24, 8, '2013-11-28', 5, '', '2016-09-03 23:11:18', NULL, NULL),
	(317, 104, 3, '2014-01-23', 3, '', '2016-09-03 23:11:18', NULL, NULL),
	(318, 108, 4, '2014-01-29', 0, '', '2016-09-03 23:11:18', NULL, NULL),
	(319, 158, 3, '2014-11-13', 3, '', '2016-09-03 23:11:18', NULL, NULL),
	(320, 109, 5, '2013-12-17', 3, '', '2016-09-03 23:11:18', NULL, NULL),
	(321, 11, 10, '2014-02-07', 5, '', '2016-09-03 23:11:18', NULL, NULL),
	(322, 117, 4, '2014-02-03', 3, '', '2016-09-03 23:11:18', NULL, NULL),
	(323, 74, 11, '2013-07-18', 0, '', '2016-09-03 23:11:18', NULL, NULL),
	(324, 63, 3, '2013-12-19', 3, '', '2016-09-03 23:11:18', NULL, NULL),
	(325, 19, 8, '2013-12-19', 5, '', '2016-09-03 23:11:18', NULL, NULL),
	(326, 29, 6, '2013-12-07', 5, '', '2016-09-03 23:11:18', NULL, NULL),
	(327, 29, 8, '2013-12-19', 5, '', '2016-09-03 23:11:18', NULL, NULL),
	(328, 105, 3, '2014-02-04', 0, '', '2016-09-03 23:11:18', NULL, NULL),
	(329, 57, 3, '2013-12-19', 3, '', '2016-09-03 23:11:18', NULL, NULL),
	(330, 108, 3, '2014-01-15', 0, '', '2016-09-03 23:11:18', NULL, NULL),
	(331, 106, 4, '2013-12-21', 3, '', '2016-09-03 23:11:18', NULL, NULL),
	(332, 43, 4, '2013-12-21', 3, '', '2016-09-03 23:11:18', NULL, NULL),
	(333, 103, 3, '2013-12-27', 3, '', '2016-09-03 23:11:18', NULL, NULL),
	(334, 20, 5, '2013-11-14', 5, '', '2016-09-03 23:11:18', NULL, NULL),
	(335, 20, 6, '2013-12-18', 5, '', '2016-09-03 23:11:18', NULL, NULL),
	(336, 65, 3, '2013-12-23', 3, '', '2016-09-03 23:11:18', NULL, NULL),
	(337, 4, 6, '2013-09-25', 0, '', '2016-09-03 23:11:18', NULL, NULL),
	(338, 39, 5, '2013-12-27', 4, '', '2016-09-03 23:11:18', NULL, NULL),
	(339, 70, 3, '2013-12-31', 3, '', '2016-09-03 23:11:18', NULL, NULL),
	(340, 59, 3, '2013-12-31', 3, '', '2016-09-03 23:11:18', NULL, NULL),
	(341, 60, 5, '2013-12-31', 3, '', '2016-09-03 23:11:18', NULL, NULL),
	(342, 50, 5, '2013-12-30', 3, '', '2016-09-03 23:11:18', NULL, NULL),
	(343, 102, 5, '2013-12-30', 3, '', '2016-09-03 23:11:18', NULL, NULL),
	(344, 111, 5, '2014-01-02', 3, '', '2016-09-03 23:11:18', NULL, NULL),
	(345, 110, 5, '2014-01-02', 3, '', '2016-09-03 23:11:18', NULL, NULL),
	(346, 116, 5, '2014-01-02', 3, '', '2016-09-03 23:11:18', NULL, NULL),
	(347, 68, 4, '2014-01-08', 3, '', '2016-09-03 23:11:18', NULL, NULL),
	(348, 53, 3, '2013-01-08', 3, '', '2016-09-03 23:11:18', NULL, NULL),
	(349, 6, 6, '2013-12-18', 5, '', '2016-09-03 23:11:18', NULL, NULL),
	(350, 176, 3, '2011-08-11', 3, '', '2016-09-03 23:11:18', NULL, NULL),
	(351, 176, 4, '2011-08-11', 3, '', '2016-09-03 23:11:18', NULL, NULL),
	(352, 176, 5, '2011-10-26', 3, '', '2016-09-03 23:11:18', NULL, NULL),
	(353, 176, 6, '2012-02-01', 4, '', '2016-09-03 23:11:18', NULL, NULL),
	(354, 176, 8, '2012-05-28', 4, '', '2016-09-03 23:11:18', NULL, NULL),
	(355, 176, 10, '2012-06-18', 4, '', '2016-09-03 23:11:18', NULL, NULL),
	(356, 103, 4, '2014-01-22', 3, '', '2016-09-03 23:11:18', NULL, NULL),
	(357, 20, 8, '2014-01-09', 5, '', '2016-09-03 23:11:18', NULL, NULL),
	(358, 101, 4, '2014-01-16', 3, 'A', '2016-09-03 23:11:18', NULL, NULL),
	(359, 177, 3, '2012-01-04', 0, '', '2016-09-03 23:11:18', NULL, NULL),
	(360, 177, 4, '2012-03-01', 0, '', '2016-09-03 23:11:18', NULL, NULL),
	(361, 177, 5, '2012-04-11', 0, '', '2016-09-03 23:11:18', NULL, NULL),
	(362, 177, 6, '2012-07-03', 0, '', '2016-09-03 23:11:18', NULL, NULL),
	(363, 177, 8, '2012-07-19', 0, '', '2016-09-03 23:11:18', NULL, NULL),
	(364, 177, 10, '2012-08-04', 0, '', '2016-09-03 23:11:18', NULL, NULL),
	(365, 178, 3, '2012-07-06', 0, '', '2016-09-03 23:11:18', NULL, NULL),
	(366, 178, 4, '2012-09-14', 0, '', '2016-09-03 23:11:18', NULL, NULL),
	(367, 178, 10, '2013-11-23', 0, '', '2016-09-03 23:11:18', NULL, NULL),
	(368, 178, 8, '2013-11-07', 0, '', '2016-09-03 23:11:18', NULL, NULL),
	(369, 178, 6, '2013-10-12', 0, '', '2016-09-03 23:11:18', NULL, NULL),
	(370, 178, 5, '2012-11-23', 0, '', '2016-09-03 23:11:18', NULL, NULL),
	(371, 179, 3, '2012-01-02', 0, '', '2016-09-03 23:11:18', NULL, NULL),
	(372, 179, 4, '2012-01-09', 0, '', '2016-09-03 23:11:18', NULL, NULL),
	(373, 179, 5, '2012-01-12', 0, '', '2016-09-03 23:11:18', NULL, NULL),
	(374, 179, 6, '2012-11-20', 0, '', '2016-09-03 23:11:18', NULL, NULL),
	(375, 179, 8, '2012-12-06', 0, '', '2016-09-03 23:11:18', NULL, NULL),
	(376, 179, 10, '2013-01-23', 0, '', '2016-09-03 23:11:18', NULL, NULL),
	(377, 180, 3, '2012-01-21', 0, '', '2016-09-03 23:11:18', NULL, NULL),
	(378, 180, 4, '2012-03-01', 0, '', '2016-09-03 23:11:18', NULL, NULL),
	(379, 180, 5, '2012-05-01', 0, '', '2016-09-03 23:11:18', NULL, NULL),
	(380, 180, 6, '2012-07-03', 0, '', '2016-09-03 23:11:18', NULL, NULL),
	(381, 180, 8, '2012-08-06', 0, '', '2016-09-03 23:11:18', NULL, NULL),
	(382, 180, 10, '2012-08-10', 0, '', '2016-09-03 23:11:18', NULL, NULL),
	(383, 181, 3, '2012-02-28', 0, '', '2016-09-03 23:11:18', NULL, NULL),
	(384, 181, 4, '2012-06-22', 0, '', '2016-09-03 23:11:18', NULL, NULL),
	(385, 181, 5, '2012-07-23', 0, '', '2016-09-03 23:11:18', NULL, NULL),
	(386, 181, 6, '2012-07-28', 0, '', '2016-09-03 23:11:18', NULL, NULL),
	(387, 181, 8, '2012-08-10', 0, '', '2016-09-03 23:11:18', NULL, NULL),
	(388, 181, 10, '2012-08-13', 0, '', '2016-09-03 23:11:18', NULL, NULL),
	(389, 182, 3, '2011-08-22', 0, '', '2016-09-03 23:11:18', NULL, NULL),
	(390, 182, 4, '2012-03-22', 0, '', '2016-09-03 23:11:18', NULL, NULL),
	(391, 182, 5, '2012-04-23', 0, '', '2016-09-03 23:11:18', NULL, NULL),
	(392, 182, 6, '2012-09-07', 0, '', '2016-09-03 23:11:18', NULL, NULL),
	(393, 182, 8, '2012-09-24', 0, '', '2016-09-03 23:11:18', NULL, NULL),
	(394, 182, 10, '2012-09-27', 0, '', '2016-09-03 23:11:18', NULL, NULL),
	(395, 183, 3, '2012-03-19', 0, '', '2016-09-03 23:11:18', NULL, NULL),
	(396, 183, 4, '2012-04-19', 0, '', '2016-09-03 23:11:18', NULL, NULL),
	(397, 183, 5, '2012-08-27', 0, '', '2016-09-03 23:11:18', NULL, NULL),
	(398, 183, 6, '2012-09-27', 0, '', '2016-09-03 23:11:18', NULL, NULL),
	(399, 183, 8, '2012-11-26', 0, '', '2016-09-03 23:11:18', NULL, NULL),
	(400, 183, 10, '2012-12-15', 0, '', '2016-09-03 23:11:18', NULL, NULL),
	(401, 184, 3, '2012-07-06', 0, '', '2016-09-03 23:11:18', NULL, NULL),
	(402, 184, 4, '2012-09-14', 0, '', '2016-09-03 23:11:18', NULL, NULL),
	(403, 184, 5, '2012-10-23', 0, '', '2016-09-03 23:11:18', NULL, NULL),
	(404, 184, 6, '2013-10-12', 0, '', '2016-09-03 23:11:18', NULL, NULL),
	(405, 186, 3, '2012-02-01', 0, '', '2016-09-03 23:11:18', NULL, NULL),
	(406, 186, 4, '2012-03-21', 0, '', '2016-09-03 23:11:18', NULL, NULL),
	(407, 186, 5, '2012-04-10', 0, '', '2016-09-03 23:11:18', NULL, NULL),
	(408, 186, 6, '2012-06-22', 0, '', '2016-09-03 23:11:18', NULL, NULL),
	(409, 186, 8, '2012-07-05', 0, '', '2016-09-03 23:11:18', NULL, NULL),
	(410, 186, 10, '2012-07-25', 0, '', '2016-09-03 23:11:18', NULL, NULL),
	(411, 187, 3, '2011-12-23', 0, '', '2016-09-03 23:11:18', NULL, NULL),
	(412, 187, 4, '2012-03-01', 0, '', '2016-09-03 23:11:18', NULL, NULL),
	(413, 187, 5, '2012-03-26', 0, '', '2016-09-03 23:11:18', NULL, NULL),
	(414, 187, 6, '2012-07-03', 0, '', '2016-09-03 23:11:18', NULL, NULL),
	(415, 187, 8, '2012-12-20', 0, '', '2016-09-03 23:11:18', NULL, NULL),
	(416, 187, 10, '2012-12-28', 0, '', '2016-09-03 23:11:18', NULL, NULL),
	(417, 188, 3, '2012-09-25', 0, '', '2016-09-03 23:11:18', NULL, NULL),
	(418, 188, 4, '2013-02-23', 0, '', '2016-09-03 23:11:18', NULL, NULL),
	(419, 188, 5, '2013-05-10', 0, '', '2016-09-03 23:11:18', NULL, NULL),
	(420, 45, 5, '2014-01-13', 8, '', '2016-09-03 23:11:18', NULL, NULL),
	(421, 77, 6, '2013-12-14', 7, '', '2016-09-03 23:11:18', NULL, NULL),
	(422, 77, 8, '2014-01-25', 7, '', '2016-09-03 23:11:18', NULL, NULL),
	(423, 78, 6, '2014-01-25', 7, '', '2016-09-03 23:11:18', NULL, NULL),
	(424, 189, 3, '2012-12-21', 0, '', '2016-09-03 23:11:18', NULL, NULL),
	(425, 189, 4, '2013-02-23', 0, '', '2016-09-03 23:11:18', NULL, NULL),
	(426, 189, 5, '2013-03-18', 0, '', '2016-09-03 23:11:18', NULL, NULL),
	(427, 189, 6, '2013-07-26', 0, '', '2016-09-03 23:11:18', NULL, NULL),
	(428, 189, 8, '2013-09-02', 0, '', '2016-09-03 23:11:18', NULL, NULL),
	(429, 189, 10, '2013-09-26', 0, '', '2016-09-03 23:11:18', NULL, NULL),
	(430, 189, 10, '2013-09-26', 0, '', '2016-09-03 23:11:18', NULL, NULL),
	(431, 190, 3, '2011-12-29', 0, '', '2016-09-03 23:11:18', NULL, NULL),
	(432, 190, 4, '2012-01-02', 0, '', '2016-09-03 23:11:18', NULL, NULL),
	(433, 190, 5, '2012-02-24', 0, '', '2016-09-03 23:11:18', NULL, NULL),
	(434, 190, 6, '2012-07-04', 0, '', '2016-09-03 23:11:18', NULL, NULL),
	(435, 190, 8, '2012-09-10', 0, '', '2016-09-03 23:11:18', NULL, NULL),
	(436, 190, 10, '2013-09-15', 0, '', '2016-09-03 23:11:18', NULL, NULL),
	(437, 191, 3, '2012-07-06', 0, '', '2016-09-03 23:11:18', NULL, NULL),
	(438, 191, 5, '2012-10-23', 0, '', '2016-09-03 23:11:18', NULL, NULL),
	(439, 191, 4, '2012-09-14', 0, '', '2016-09-03 23:11:18', NULL, NULL),
	(440, 191, 6, '2013-10-12', 0, '', '2016-09-03 23:11:18', NULL, NULL),
	(441, 191, 8, '2013-11-07', 0, '', '2016-09-03 23:11:18', NULL, NULL),
	(442, 191, 10, '2013-11-23', 0, '', '2016-09-03 23:11:18', NULL, NULL),
	(443, 191, 10, '2013-11-23', 0, '', '2016-09-03 23:11:18', NULL, NULL),
	(444, 192, 3, '2012-01-14', 0, '', '2016-09-03 23:11:18', NULL, NULL),
	(445, 192, 4, '2012-01-21', 0, '', '2016-09-03 23:11:18', NULL, NULL),
	(446, 192, 5, '2012-03-29', 0, '', '2016-09-03 23:11:18', NULL, NULL),
	(447, 192, 6, '2012-05-16', 0, '', '2016-09-03 23:11:18', NULL, NULL),
	(448, 192, 8, '2012-05-21', 0, '', '2016-09-03 23:11:18', NULL, NULL),
	(449, 192, 10, '2012-05-25', 0, '', '2016-09-03 23:11:18', NULL, NULL),
	(450, 193, 3, '2012-03-07', 0, '', '2016-09-03 23:11:18', NULL, NULL),
	(451, 193, 4, '2012-04-05', 0, '', '2016-09-03 23:11:18', NULL, NULL),
	(452, 193, 5, '2012-05-23', 0, '', '2016-09-03 23:11:18', NULL, NULL),
	(453, 193, 6, '2012-09-26', 0, '', '2016-09-03 23:11:18', NULL, NULL),
	(454, 193, 8, '2012-10-08', 0, '', '2016-09-03 23:11:18', NULL, NULL),
	(455, 193, 10, '2012-10-24', 0, '', '2016-09-03 23:11:18', NULL, NULL),
	(456, 195, 3, '2011-07-12', 0, '', '2016-09-03 23:11:18', NULL, NULL),
	(457, 195, 4, '2012-03-01', 0, '', '2016-09-03 23:11:18', NULL, NULL),
	(458, 195, 5, '2012-03-30', 0, '', '2016-09-03 23:11:18', NULL, NULL),
	(459, 195, 6, '2012-07-03', 0, '', '2016-09-03 23:11:18', NULL, NULL),
	(460, 195, 8, '2012-07-19', 0, '', '2016-09-03 23:11:18', NULL, NULL),
	(461, 195, 10, '2012-08-06', 0, '', '2016-09-03 23:11:18', NULL, NULL),
	(462, 196, 3, '2012-01-12', 0, '', '2016-09-03 23:11:18', NULL, NULL),
	(463, 196, 4, '2012-02-23', 0, '', '2016-09-03 23:11:18', NULL, NULL),
	(464, 196, 5, '2012-03-23', 0, '', '2016-09-03 23:11:18', NULL, NULL),
	(465, 196, 6, '2012-07-03', 0, '', '2016-09-03 23:11:18', NULL, NULL),
	(466, 196, 8, '2012-07-16', 0, '', '2016-09-03 23:11:18', NULL, NULL),
	(467, 196, 10, '2012-08-10', 0, '', '2016-09-03 23:11:18', NULL, NULL),
	(468, 197, 3, '2012-01-13', 0, '', '2016-09-03 23:11:18', NULL, NULL),
	(469, 197, 4, '2012-06-29', 0, '', '2016-09-03 23:11:18', NULL, NULL),
	(470, 198, 3, '2012-01-28', 0, '', '2016-09-03 23:11:18', NULL, NULL),
	(471, 198, 4, '2012-06-22', 0, '', '2016-09-03 23:11:18', NULL, NULL),
	(472, 198, 5, '2012-07-23', 0, '', '2016-09-03 23:11:18', NULL, NULL),
	(473, 198, 6, '2012-12-15', 0, '', '2016-09-03 23:11:18', NULL, NULL),
	(474, 198, 8, '2013-01-23', 0, '', '2016-09-03 23:11:18', NULL, NULL),
	(475, 198, 10, '2013-02-08', 0, '', '2016-09-03 23:11:18', NULL, NULL),
	(476, 36, 3, '2014-01-22', 4, '', '2016-09-03 23:11:18', NULL, NULL),
	(477, 36, 4, '2014-01-29', 4, '', '2016-09-03 23:11:18', NULL, NULL),
	(478, 39, 6, '2014-12-19', 6, '', '2016-09-03 23:11:18', NULL, NULL),
	(479, 38, 5, '2014-01-02', 4, '', '2016-09-03 23:11:18', NULL, NULL),
	(480, 56, 4, '2014-01-30', 0, '', '2016-09-03 23:11:18', NULL, NULL),
	(481, 199, 4, '2014-01-30', 3, '', '2016-09-03 23:11:18', NULL, NULL),
	(482, 174, 1, '2013-10-25', 1, '', '2016-09-03 23:11:18', NULL, NULL),
	(483, 11, 8, '2014-01-09', 5, '', '2016-09-03 23:11:18', NULL, NULL),
	(484, 173, 1, '2013-10-25', 1, '', '2016-09-03 23:11:18', NULL, NULL),
	(485, 172, 1, '2013-10-25', 1, '', '2016-09-03 23:11:18', NULL, NULL),
	(486, 171, 1, '2013-10-25', 1, '', '2016-09-03 23:11:18', NULL, NULL),
	(487, 170, 1, '2013-10-25', 1, '', '2016-09-03 23:11:18', NULL, NULL),
	(488, 169, 1, '2013-10-25', 1, '', '2016-09-03 23:11:18', NULL, NULL),
	(489, 168, 1, '2013-10-25', 1, '', '2016-09-03 23:11:18', NULL, NULL),
	(490, 167, 1, '2013-10-25', 1, '', '2016-09-03 23:11:18', NULL, NULL),
	(491, 166, 1, '2013-10-25', 1, '', '2016-09-03 23:11:18', NULL, NULL),
	(492, 165, 1, '2013-10-25', 1, '', '2016-09-03 23:11:18', NULL, NULL),
	(493, 164, 1, '2013-10-25', 1, '', '2016-09-03 23:11:18', NULL, NULL),
	(494, 175, 1, '2013-10-25', 1, '', '2016-09-03 23:11:18', NULL, NULL),
	(495, 163, 1, '2013-10-25', 1, '', '2016-09-03 23:11:18', NULL, NULL),
	(496, 162, 1, '2013-10-25', 1, '', '2016-09-03 23:11:18', NULL, NULL),
	(497, 161, 1, '2013-10-25', 1, '', '2016-09-03 23:11:18', NULL, NULL),
	(498, 160, 1, '2013-10-25', 1, '', '2016-09-03 23:11:18', NULL, NULL),
	(499, 159, 1, '2013-10-25', 1, '', '2016-09-03 23:11:18', NULL, NULL),
	(500, 158, 1, '2013-10-25', 1, '', '2016-09-03 23:11:18', NULL, NULL),
	(501, 58, 4, '2014-02-03', 0, '', '2016-09-03 23:11:18', NULL, NULL),
	(502, 40, 8, '2014-02-03', 4, '', '2016-09-03 23:11:18', NULL, NULL),
	(503, 13, 8, '2014-01-30', 4, '', '2016-09-03 23:11:18', NULL, NULL),
	(504, 13, 10, '2014-02-07', 4, '', '2016-09-03 23:11:18', NULL, NULL),
	(505, 22, 10, '2014-02-08', 4, '', '2016-09-03 23:11:18', NULL, NULL),
	(506, 35, 3, '2014-02-05', 4, '', '2016-09-03 23:11:18', NULL, NULL),
	(507, 114, 3, '2014-02-15', 4, '', '2016-09-03 23:11:18', NULL, NULL),
	(508, 6, 10, '2014-02-07', 5, '', '2016-09-03 23:11:18', NULL, NULL),
	(509, 49, 3, '2014-01-20', 3, '', '2016-09-03 23:11:18', NULL, NULL),
	(510, 49, 4, '2014-01-30', 3, '', '2016-09-03 23:11:18', NULL, NULL),
	(511, 72, 4, '2014-02-10', 4, '', '2016-09-03 23:11:18', NULL, NULL),
	(512, 66, 4, '2014-02-10', 4, '', '2016-09-03 23:11:18', NULL, NULL),
	(513, 59, 4, '2014-02-12', 4, '', '2016-09-03 23:11:18', NULL, NULL),
	(514, 199, 5, '2014-02-06', 4, '', '2016-09-03 23:11:18', NULL, NULL),
	(515, 53, 5, '2014-02-05', 3, '', '2016-09-03 23:11:18', NULL, NULL),
	(516, 108, 5, '2014-02-05', 3, '', '2016-09-03 23:11:18', NULL, NULL),
	(517, 113, 5, '2014-02-06', 3, '', '2016-09-03 23:11:18', NULL, NULL),
	(518, 113, 4, '2014-01-23', 3, '', '2016-09-03 23:11:18', NULL, NULL),
	(519, 80, 3, '2014-02-10', 5, '', '2016-09-03 23:11:18', NULL, NULL),
	(520, 79, 4, '2012-07-14', 0, '', '2016-09-03 23:11:18', NULL, NULL),
	(521, 69, 10, '2014-02-07', 7, '', '2016-09-03 23:11:18', NULL, NULL),
	(522, 15, 5, '2014-02-05', 5, '', '2016-09-03 23:11:18', NULL, NULL),
	(523, 97, 3, '2014-02-15', 3, '', '2016-09-03 23:11:18', NULL, NULL),
	(524, 88, 1, '2012-10-19', 1, '', '2016-09-03 23:11:18', NULL, NULL),
	(525, 202, 3, '2010-04-03', 0, '', '2016-09-03 23:11:18', NULL, NULL),
	(526, 202, 4, '2010-04-10', 0, '', '2016-09-03 23:11:18', NULL, NULL),
	(527, 202, 5, '2010-05-04', 0, '', '2016-09-03 23:11:18', NULL, NULL),
	(528, 202, 6, '2010-07-17', 0, '', '2016-09-03 23:11:18', NULL, NULL),
	(529, 202, 8, '2010-09-27', 0, '', '2016-09-03 23:11:18', NULL, NULL),
	(530, 202, 10, '2010-11-13', 0, '', '2016-09-03 23:11:18', NULL, NULL),
	(531, 203, 3, '2010-07-17', 0, '', '2016-09-03 23:11:18', NULL, NULL),
	(532, 203, 4, '2010-12-18', 0, '', '2016-09-03 23:11:18', NULL, NULL),
	(533, 203, 5, '2011-03-02', 0, '', '2016-09-03 23:11:18', NULL, NULL),
	(534, 203, 6, '2011-11-05', 0, '', '2016-09-03 23:11:18', NULL, NULL),
	(535, 203, 8, '2011-12-29', 0, '', '2016-09-03 23:11:18', NULL, NULL),
	(536, 203, 10, '2012-01-14', 0, '', '2016-09-03 23:11:18', NULL, NULL),
	(537, 204, 3, '2011-02-23', 0, '', '2016-09-03 23:11:18', NULL, NULL),
	(538, 204, 4, '2011-05-28', 0, '', '2016-09-03 23:11:18', NULL, NULL),
	(539, 204, 5, '2011-06-14', 0, '', '2016-09-03 23:11:18', NULL, NULL),
	(540, 204, 6, '2012-06-20', 0, '', '2016-09-03 23:11:18', NULL, NULL),
	(541, 204, 8, '2012-06-23', 0, '', '2016-09-03 23:11:18', NULL, NULL),
	(542, 204, 10, '2012-07-13', 0, '', '2016-09-03 23:11:18', NULL, NULL),
	(543, 204, 10, '2012-06-28', 0, '', '2016-09-03 23:11:18', NULL, NULL),
	(544, 205, 3, '2010-03-18', 0, '', '2016-09-03 23:11:18', NULL, NULL),
	(545, 205, 5, '2010-05-18', 0, '', '2016-09-03 23:11:18', NULL, NULL),
	(546, 205, 4, '2010-04-17', 0, '', '2016-09-03 23:11:18', NULL, NULL),
	(547, 205, 10, '2010-07-03', 0, '', '2016-09-03 23:11:18', NULL, NULL),
	(548, 205, 8, '2010-06-24', 0, '', '2016-09-03 23:11:18', NULL, NULL),
	(549, 205, 6, '2010-06-12', 0, '', '2016-09-03 23:11:18', NULL, NULL),
	(550, 206, 3, '2010-05-05', 0, '', '2016-09-03 23:11:18', NULL, NULL),
	(551, 206, 4, '2010-05-08', 0, '', '2016-09-03 23:11:18', NULL, NULL),
	(552, 206, 5, '2011-03-06', 0, '', '2016-09-03 23:11:18', NULL, NULL),
	(553, 206, 6, '2011-06-08', 0, '', '2016-09-03 23:11:18', NULL, NULL),
	(554, 206, 9, '2012-06-23', 0, '', '2016-09-03 23:11:18', NULL, NULL),
	(555, 206, 8, '2011-06-18', 0, '', '2016-09-03 23:11:18', NULL, NULL),
	(556, 206, 10, '2012-07-14', 0, '', '2016-09-03 23:11:18', NULL, NULL),
	(557, 206, 10, '2012-08-06', 0, '', '2016-09-03 23:11:18', NULL, NULL),
	(558, 207, 3, '2010-03-26', 0, '', '2016-09-03 23:11:18', NULL, NULL),
	(559, 207, 4, '2010-04-10', 0, '', '2016-09-03 23:11:18', NULL, NULL),
	(560, 207, 5, '2010-05-18', 0, '', '2016-09-03 23:11:18', NULL, NULL),
	(561, 207, 6, '2011-07-20', 0, '', '2016-09-03 23:11:18', NULL, NULL),
	(562, 207, 8, '2011-07-30', 0, 'A', '2016-09-03 23:11:18', '2017-02-19 14:35:26', NULL),
	(563, 207, 10, '2011-08-10', 0, 'A', '2016-09-03 23:11:18', '2017-02-19 14:35:17', NULL),
	(564, 208, 3, '2011-06-30', 0, '', '2016-09-03 23:11:18', NULL, NULL),
	(565, 208, 5, '2011-07-02', 0, '', '2016-09-03 23:11:18', NULL, NULL),
	(566, 208, 4, '2011-07-11', 0, '', '2016-09-03 23:11:18', NULL, NULL),
	(567, 208, 8, '2011-07-16', 0, '', '2016-09-03 23:11:18', NULL, NULL),
	(568, 208, 10, '2011-07-29', 0, '', '2016-09-03 23:11:18', NULL, NULL),
	(569, 209, 3, '2011-04-13', 0, '', '2016-09-03 23:11:18', NULL, NULL),
	(570, 209, 4, '2011-05-28', 0, '', '2016-09-03 23:11:18', NULL, NULL),
	(571, 209, 5, '2011-08-10', 0, '', '2016-09-03 23:11:18', NULL, NULL),
	(572, 209, 6, '2011-08-05', 0, '', '2016-09-03 23:11:18', NULL, NULL),
	(573, 209, 8, '2011-09-17', 0, '', '2016-09-03 23:11:18', NULL, NULL),
	(574, 209, 10, '2011-09-28', 0, '', '2016-09-03 23:11:18', NULL, NULL),
	(575, 105, 4, '2014-02-25', 4, '', '2016-09-03 23:11:18', NULL, NULL),
	(576, 112, 4, '2014-02-28', 4, '', '2016-09-03 23:11:18', NULL, NULL),
	(577, 63, 4, '2014-02-28', 4, '', '2016-09-03 23:11:18', NULL, NULL),
	(578, 35, 4, '2014-02-26', 5, '', '2016-09-03 23:11:18', NULL, NULL),
	(579, 90, 4, '2014-05-17', 5, 'A', '2016-09-03 23:11:18', NULL, NULL),
	(580, 50, 6, '2014-02-26', 4, '', '2016-09-03 23:11:18', NULL, NULL),
	(581, 60, 6, '2014-02-26', 4, '', '2016-09-03 23:11:18', NULL, NULL),
	(582, 46, 3, '2014-02-19', 4, '', '2016-09-03 23:11:18', NULL, NULL),
	(583, 51, 3, '2014-02-19', 4, '', '2016-09-03 23:11:18', NULL, NULL),
	(584, 70, 5, '2014-02-12', 4, '', '2016-09-03 23:11:18', NULL, NULL),
	(585, 104, 4, '2014-02-17', 4, '', '2016-09-03 23:11:18', NULL, NULL),
	(586, 114, 4, '2014-02-21', 4, '', '2016-09-03 23:11:18', NULL, NULL),
	(587, 36, 5, '2014-02-14', 5, '', '2016-09-03 23:11:18', NULL, NULL),
	(588, 42, 10, '2014-02-22', 8, '', '2016-09-03 23:11:18', NULL, NULL),
	(589, 42, 11, '2014-02-22', 8, '', '2016-09-03 23:11:18', NULL, NULL),
	(590, 106, 5, '2014-01-30', 3, '', '2016-09-03 23:11:18', NULL, NULL),
	(591, 43, 5, '2014-01-30', 3, '', '2016-09-03 23:11:18', NULL, NULL),
	(592, 40, 10, '2014-02-07', 4, '', '2016-09-03 23:11:18', NULL, NULL),
	(593, 6, 8, '2014-01-30', 5, '', '2016-09-03 23:11:18', NULL, NULL),
	(594, 37, 4, '2014-01-30', 4, '', '2016-09-03 23:11:18', NULL, NULL),
	(595, 16, 8, '2013-09-02', 5, '', '2016-09-03 23:11:18', NULL, NULL),
	(596, 15, 8, '2015-01-19', 7, '', '2016-09-03 23:11:18', NULL, NULL),
	(597, 101, 5, '2014-02-10', 4, '', '2016-09-03 23:11:18', NULL, NULL),
	(598, 38, 8, '2014-02-27', 5, '', '2016-09-03 23:11:18', NULL, NULL),
	(599, 38, 6, '2014-01-31', 4, '', '2016-09-03 23:11:18', NULL, NULL),
	(600, 17, 3, '2014-03-01', 6, '', '2016-09-03 23:11:18', NULL, NULL),
	(601, 114, 5, '2014-02-27', 4, '', '2016-09-03 23:11:18', NULL, NULL),
	(602, 107, 3, '2013-12-31', 3, '', '2016-09-03 23:11:18', NULL, NULL),
	(603, 107, 5, '2014-02-27', 4, '', '2016-09-03 23:11:18', NULL, NULL),
	(604, 65, 5, '2014-02-28', 4, '', '2016-09-03 23:11:18', NULL, NULL),
	(605, 202, 11, '2010-11-13', 0, '', '2016-09-03 23:11:18', NULL, NULL),
	(606, 203, 11, '2012-01-14', 0, '', '2016-09-03 23:11:18', NULL, NULL),
	(607, 204, 11, '2012-07-13', 0, '', '2016-09-03 23:11:18', NULL, NULL),
	(608, 205, 11, '2010-07-03', 0, '', '2016-09-03 23:11:18', NULL, NULL),
	(609, 206, 11, '2012-08-06', 0, '', '2016-09-03 23:11:18', NULL, NULL),
	(610, 207, 11, '2011-08-10', 0, '', '2016-09-03 23:11:18', NULL, NULL),
	(611, 208, 11, '2011-07-29', 0, '', '2016-09-03 23:11:18', NULL, NULL),
	(612, 209, 11, '2011-09-28', 0, '', '2016-09-03 23:11:18', NULL, NULL),
	(613, 69, 11, '2014-02-07', 7, '', '2016-09-03 23:11:18', NULL, NULL),
	(614, 210, 3, '2012-01-14', 0, '', '2016-09-03 23:11:18', NULL, NULL),
	(615, 210, 4, '2012-05-05', 0, '', '2016-09-03 23:11:18', NULL, NULL),
	(616, 210, 5, '2012-07-03', 0, '', '2016-09-03 23:11:18', NULL, NULL),
	(617, 210, 6, '2012-07-18', 0, '', '2016-09-03 23:11:18', NULL, NULL),
	(618, 210, 8, '2012-08-11', 0, '', '2016-09-03 23:11:18', NULL, NULL),
	(619, 210, 10, '2012-09-27', 0, '', '2016-09-03 23:11:18', NULL, NULL),
	(620, 210, 11, '2012-09-27', 0, '', '2016-09-03 23:11:18', NULL, NULL),
	(621, 69, 15, '2014-02-27', 7, '', '2016-09-03 23:11:18', NULL, NULL),
	(622, 64, 4, '2014-03-13', 4, '', '2016-09-03 23:11:18', NULL, NULL),
	(623, 112, 5, '2014-03-11', 4, '', '2016-09-03 23:11:18', NULL, NULL),
	(624, 11, 11, '2014-02-07', 5, '', '2016-09-03 23:11:18', NULL, NULL),
	(625, 19, 11, '2014-01-28', 5, '', '2016-09-03 23:11:18', NULL, NULL),
	(626, 35, 8, '2015-01-22', 6, '', '2016-09-03 23:11:18', NULL, NULL),
	(627, 73, 8, '2015-01-22', 5, '', '2016-09-03 23:11:18', NULL, NULL),
	(628, 73, 5, '2014-05-28', 4, '', '2016-09-03 23:11:18', NULL, NULL),
	(629, 171, 3, '2014-12-24', 3, '', '2016-09-03 23:11:18', NULL, NULL),
	(630, 249, 3, '2014-12-04', 3, '', '2016-09-03 23:11:18', NULL, NULL),
	(631, 164, 4, '2014-11-22', 3, 'A', '2016-09-03 23:11:18', NULL, NULL),
	(632, 164, 3, '2014-11-01', 3, '', '2016-09-03 23:11:18', NULL, NULL),
	(633, 115, 10, '2015-01-07', 5, '', '2016-09-03 23:11:18', NULL, NULL),
	(634, 105, 10, '2015-01-12', 5, '', '2016-09-03 23:11:18', NULL, NULL),
	(635, 115, 9, '2014-12-30', 5, '', '2016-09-03 23:11:18', NULL, NULL),
	(636, 211, 3, '2010-04-06', 4, '', '2016-09-03 23:11:18', NULL, NULL),
	(637, 211, 4, '2010-04-17', 4, '', '2016-09-03 23:11:18', NULL, NULL),
	(638, 211, 5, '2010-05-31', 4, '', '2016-09-03 23:11:18', NULL, NULL),
	(639, 211, 6, '2010-06-30', 4, '', '2016-09-03 23:11:18', NULL, NULL),
	(640, 211, 8, '2010-08-02', 5, '', '2016-09-03 23:11:18', NULL, NULL),
	(641, 211, 10, '2010-08-27', 5, '', '2016-09-03 23:11:18', NULL, NULL),
	(642, 211, 11, '2010-08-27', 5, '', '2016-09-03 23:11:18', NULL, NULL),
	(643, 212, 3, '2010-03-30', 4, '', '2016-09-03 23:11:18', NULL, NULL),
	(644, 212, 4, '2010-05-04', 4, '', '2016-09-03 23:11:18', NULL, NULL),
	(645, 212, 5, '2010-05-31', 4, '', '2016-09-03 23:11:18', NULL, NULL),
	(646, 212, 6, '2010-06-01', 4, '', '2016-09-03 23:11:18', NULL, NULL),
	(647, 212, 8, '2010-11-15', 5, '', '2016-09-03 23:11:18', NULL, NULL),
	(648, 212, 10, '2010-11-26', 5, '', '2016-09-03 23:11:18', NULL, NULL),
	(649, 212, 11, '2010-11-26', 5, '', '2016-09-03 23:11:18', NULL, NULL),
	(650, 213, 3, '2010-04-07', 4, '', '2016-09-03 23:11:18', NULL, NULL),
	(651, 213, 4, '2010-04-15', 4, '', '2016-09-03 23:11:18', NULL, NULL),
	(652, 213, 5, '2010-05-14', 4, '', '2016-09-03 23:11:18', NULL, NULL),
	(653, 213, 6, '2010-06-14', 4, '', '2016-09-03 23:11:18', NULL, NULL),
	(654, 213, 8, '2012-06-18', 8, '', '2016-09-03 23:11:18', NULL, NULL),
	(655, 213, 10, '2012-07-18', 8, '', '2016-09-03 23:11:18', NULL, NULL),
	(656, 213, 11, '2012-07-18', 8, '', '2016-09-03 23:11:18', NULL, NULL),
	(657, 214, 3, '2010-01-16', 4, '', '2016-09-03 23:11:18', NULL, NULL),
	(658, 214, 4, '2010-04-10', 4, '', '2016-09-03 23:11:18', NULL, NULL),
	(659, 214, 5, '2010-05-10', 4, '', '2016-09-03 23:11:18', NULL, NULL),
	(660, 214, 6, '2010-09-12', 4, '', '2016-09-03 23:11:18', NULL, NULL),
	(661, 214, 8, '2010-10-16', 5, '', '2016-09-03 23:11:18', NULL, NULL),
	(662, 214, 10, '2010-12-15', 5, '', '2016-09-03 23:11:18', NULL, NULL),
	(663, 214, 11, '2010-12-15', 5, '', '2016-09-03 23:11:18', NULL, NULL),
	(664, 215, 3, '2010-04-07', 4, '', '2016-09-03 23:11:18', NULL, NULL),
	(665, 215, 4, '2010-04-14', 4, '', '2016-09-03 23:11:18', NULL, NULL),
	(666, 215, 5, '2010-05-14', 4, '', '2016-09-03 23:11:18', NULL, NULL),
	(667, 215, 8, '2010-11-03', 5, '', '2016-09-03 23:11:18', NULL, NULL),
	(668, 215, 8, '2010-11-03', 5, '', '2016-09-03 23:11:18', NULL, NULL),
	(669, 215, 10, '2011-07-01', 5, '', '2016-09-03 23:11:18', NULL, NULL),
	(670, 215, 11, '2011-07-01', 0, '', '2016-09-03 23:11:18', NULL, NULL),
	(671, 216, 3, '2010-03-19', 4, '', '2016-09-03 23:11:18', NULL, NULL),
	(672, 216, 4, '2010-04-14', 4, '', '2016-09-03 23:11:18', NULL, NULL),
	(673, 216, 5, '2010-05-14', 4, '', '2016-09-03 23:11:18', NULL, NULL),
	(674, 216, 6, '2010-12-13', 5, '', '2016-09-03 23:11:18', NULL, NULL),
	(675, 216, 8, '2011-03-01', 6, '', '2016-09-03 23:11:18', NULL, NULL),
	(676, 216, 10, '2011-10-02', 7, '', '2016-09-03 23:11:18', NULL, NULL),
	(677, 216, 11, '2011-10-02', 7, '', '2016-09-03 23:11:18', NULL, NULL),
	(678, 217, 3, '2011-03-08', 4, '', '2016-09-03 23:11:18', NULL, NULL),
	(679, 217, 4, '2011-03-17', 4, '', '2016-09-03 23:11:18', NULL, NULL),
	(680, 217, 5, '2011-04-11', 4, '', '2016-09-03 23:11:18', NULL, NULL),
	(681, 217, 6, '2011-06-11', 4, '', '2016-09-03 23:11:18', NULL, NULL),
	(682, 217, 8, '2011-09-29', 5, '', '2016-09-03 23:11:18', NULL, NULL),
	(683, 217, 10, '2011-10-11', 5, '', '2016-09-03 23:11:18', NULL, NULL),
	(684, 217, 11, '2011-10-11', 5, '', '2016-09-03 23:11:18', NULL, NULL),
	(685, 218, 3, '2011-03-19', 4, '', '2016-09-03 23:11:18', NULL, NULL),
	(686, 218, 4, '2011-05-11', 4, '', '2016-09-03 23:11:18', NULL, NULL),
	(687, 218, 5, '2011-05-26', 4, '', '2016-09-03 23:11:18', NULL, NULL),
	(688, 218, 6, '2012-02-21', 6, '', '2016-09-03 23:11:18', NULL, NULL),
	(689, 218, 8, '2012-04-13', 6, '', '2016-09-03 23:11:18', NULL, NULL),
	(690, 218, 11, '2012-04-13', 6, '', '2016-09-03 23:11:18', NULL, NULL),
	(691, 219, 3, '2011-04-11', 4, '', '2016-09-03 23:11:18', NULL, NULL),
	(692, 219, 4, '2011-08-16', 5, '', '2016-09-03 23:11:18', NULL, NULL),
	(693, 219, 5, '2011-12-21', 5, '', '2016-09-03 23:11:18', NULL, NULL),
	(694, 219, 6, '2012-04-03', 6, '', '2016-09-03 23:11:18', NULL, NULL),
	(695, 219, 8, '2012-05-03', 6, '', '2016-09-03 23:11:18', NULL, NULL),
	(696, 219, 10, '2012-05-30', 6, '', '2016-09-03 23:11:18', NULL, NULL),
	(697, 219, 11, '2012-05-30', 6, '', '2016-09-03 23:11:18', NULL, NULL),
	(698, 220, 3, '2011-01-25', 3, '', '2016-09-03 23:11:18', NULL, NULL),
	(699, 220, 4, '2011-03-17', 4, '', '2016-09-03 23:11:18', NULL, NULL),
	(700, 220, 5, '2011-04-12', 4, '', '2016-09-03 23:11:18', NULL, NULL),
	(701, 220, 6, '2011-09-27', 5, '', '2016-09-03 23:11:18', NULL, NULL),
	(702, 220, 8, '2011-10-27', 5, '', '2016-09-03 23:11:18', NULL, NULL),
	(703, 220, 10, '2011-11-27', 5, '', '2016-09-03 23:11:18', NULL, NULL),
	(704, 220, 11, '2011-11-27', 5, '', '2016-09-03 23:11:18', NULL, NULL),
	(705, 221, 3, '2011-04-20', 4, '', '2016-09-03 23:11:18', NULL, NULL),
	(706, 221, 4, '2011-06-09', 4, '', '2016-09-03 23:11:18', NULL, NULL),
	(707, 221, 5, '2011-07-28', 4, '', '2016-09-03 23:11:18', NULL, NULL),
	(708, 221, 6, '2011-08-09', 5, '', '2016-09-03 23:11:18', NULL, NULL),
	(709, 221, 8, '2012-03-01', 6, '', '2016-09-03 23:11:18', NULL, NULL),
	(710, 221, 10, '2012-03-14', 6, '', '2016-09-03 23:11:18', NULL, NULL),
	(711, 221, 11, '2012-03-14', 6, '', '2016-09-03 23:11:18', NULL, NULL),
	(712, 222, 3, '2011-03-21', 4, '', '2016-09-03 23:11:18', NULL, NULL),
	(713, 222, 4, '2011-07-13', 4, '', '2016-09-03 23:11:18', NULL, NULL),
	(714, 222, 5, '2011-08-12', 5, '', '2016-09-03 23:11:18', NULL, NULL),
	(715, 222, 6, '2011-09-21', 5, '', '2016-09-03 23:11:18', NULL, NULL),
	(716, 38, 10, '2014-03-20', 5, '', '2016-09-03 23:11:18', NULL, NULL),
	(717, 222, 8, '2012-01-19', 5, '', '2016-09-03 23:11:18', NULL, NULL),
	(718, 222, 10, '2012-02-02', 6, '', '2016-09-03 23:11:18', NULL, NULL),
	(719, 222, 11, '2012-02-02', 6, '', '2016-09-03 23:11:18', NULL, NULL),
	(720, 223, 3, '2011-04-20', 4, '', '2016-09-03 23:11:18', NULL, NULL),
	(721, 223, 4, '2011-05-18', 4, '', '2016-09-03 23:11:18', NULL, NULL),
	(722, 223, 5, '2011-06-16', 4, '', '2016-09-03 23:11:18', NULL, NULL),
	(723, 223, 6, '2012-07-26', 6, '', '2016-09-03 23:11:18', NULL, NULL),
	(724, 223, 8, '2012-09-24', 7, '', '2016-09-03 23:11:18', NULL, NULL),
	(725, 223, 10, '2013-06-22', 8, '', '2016-09-03 23:11:18', NULL, NULL),
	(726, 223, 11, '2013-06-22', 8, '', '2016-09-03 23:11:18', NULL, NULL),
	(727, 224, 3, '2011-06-10', 4, '', '2016-09-03 23:11:18', NULL, NULL),
	(728, 224, 4, '2011-07-11', 4, '', '2016-09-03 23:11:18', NULL, NULL),
	(729, 224, 5, '2011-09-22', 5, '', '2016-09-03 23:11:18', NULL, NULL),
	(730, 224, 6, '2012-01-10', 5, '', '2016-09-03 23:11:18', NULL, NULL),
	(731, 224, 8, '2012-01-19', 5, '', '2016-09-03 23:11:18', NULL, NULL),
	(732, 224, 10, '2012-06-02', 5, '', '2016-09-03 23:11:18', NULL, NULL),
	(733, 224, 11, '2012-06-02', 5, '', '2016-09-03 23:11:18', NULL, NULL),
	(734, 225, 3, '2011-09-19', 5, '', '2016-09-03 23:11:18', NULL, NULL),
	(735, 225, 4, '2011-10-19', 5, '', '2016-09-03 23:11:18', NULL, NULL),
	(736, 225, 5, '2011-12-30', 5, '', '2016-09-03 23:11:18', NULL, NULL),
	(737, 225, 6, '2012-05-16', 6, '', '2016-09-03 23:11:18', NULL, NULL),
	(738, 225, 8, '2012-05-21', 6, '', '2016-09-03 23:11:18', NULL, NULL),
	(739, 225, 10, '2012-06-04', 6, '', '2016-09-03 23:11:18', NULL, NULL),
	(740, 225, 11, '2012-06-04', 6, '', '2016-09-03 23:11:18', NULL, NULL),
	(741, 226, 3, '2011-02-18', 4, '', '2016-09-03 23:11:18', NULL, NULL),
	(742, 226, 4, '2011-04-05', 4, '', '2016-09-03 23:11:18', NULL, NULL),
	(743, 226, 5, '2011-05-05', 4, '', '2016-09-03 23:11:18', NULL, NULL),
	(744, 226, 6, '2011-06-05', 4, '', '2016-09-03 23:11:18', NULL, NULL),
	(745, 226, 8, '2011-07-05', 4, '', '2016-09-03 23:11:18', NULL, NULL),
	(746, 226, 10, '2011-12-19', 5, '', '2016-09-03 23:11:18', NULL, NULL),
	(747, 226, 11, '2011-12-19', 5, '', '2016-09-03 23:11:18', NULL, NULL),
	(748, 227, 3, '2011-04-26', 4, '', '2016-09-03 23:11:18', NULL, NULL),
	(749, 227, 4, '2011-05-26', 4, '', '2016-09-03 23:11:18', NULL, NULL),
	(750, 227, 5, '2011-12-06', 5, '', '2016-09-03 23:11:18', NULL, NULL),
	(751, 227, 6, '2012-02-09', 6, '', '2016-09-03 23:11:18', NULL, NULL),
	(752, 227, 8, '2012-02-20', 6, '', '2016-09-03 23:11:18', NULL, NULL),
	(753, 227, 10, '2012-03-01', 6, '', '2016-09-03 23:11:18', NULL, NULL),
	(754, 227, 11, '2012-03-01', 6, '', '2016-09-03 23:11:18', NULL, NULL),
	(755, 228, 3, '2011-03-12', 4, '', '2016-09-03 23:11:18', NULL, NULL),
	(756, 228, 4, '2011-03-19', 4, '', '2016-09-03 23:11:18', NULL, NULL),
	(757, 228, 5, '2011-04-06', 4, '', '2016-09-03 23:11:18', NULL, NULL),
	(758, 228, 6, '2011-09-22', 5, '', '2016-09-03 23:11:18', NULL, NULL),
	(759, 228, 8, '2011-10-22', 5, '', '2016-09-03 23:11:18', NULL, NULL),
	(760, 228, 10, '2011-11-22', 5, '', '2016-09-03 23:11:18', NULL, NULL),
	(761, 228, 11, '2011-11-22', 5, '', '2016-09-03 23:11:18', NULL, NULL),
	(762, 229, 3, '2011-04-05', 4, '', '2016-09-03 23:11:18', NULL, NULL),
	(763, 229, 4, '2011-04-13', 4, '', '2016-09-03 23:11:18', NULL, NULL),
	(764, 229, 5, '2012-03-12', 6, '', '2016-09-03 23:11:18', NULL, NULL),
	(765, 229, 6, '2012-03-21', 6, '', '2016-09-03 23:11:18', NULL, NULL),
	(766, 229, 8, '2012-03-26', 6, '', '2016-09-03 23:11:18', NULL, NULL),
	(767, 229, 10, '2012-04-09', 6, '', '2016-09-03 23:11:18', NULL, NULL),
	(768, 229, 11, '2012-04-09', 6, '', '2016-09-03 23:11:18', NULL, NULL),
	(769, 230, 3, '2011-02-18', 4, '', '2016-09-03 23:11:18', NULL, NULL),
	(770, 230, 4, '2011-04-05', 4, '', '2016-09-03 23:11:18', NULL, NULL),
	(771, 231, 3, '2011-02-18', 4, '', '2016-09-03 23:11:18', NULL, NULL),
	(772, 231, 4, '2011-04-05', 4, '', '2016-09-03 23:11:18', NULL, NULL),
	(773, 231, 5, '2011-05-05', 4, '', '2016-09-03 23:11:18', NULL, NULL),
	(774, 231, 6, '2011-06-05', 4, '', '2016-09-03 23:11:18', NULL, NULL),
	(775, 231, 8, '2011-07-05', 4, '', '2016-09-03 23:11:18', NULL, NULL),
	(776, 231, 10, '2011-12-19', 5, '', '2016-09-03 23:11:18', NULL, NULL),
	(777, 231, 11, '2011-12-19', 5, '', '2016-09-03 23:11:18', NULL, NULL),
	(778, 232, 3, '2011-09-24', 5, '', '2016-09-03 23:11:18', NULL, NULL),
	(779, 232, 4, '2011-10-24', 5, '', '2016-09-03 23:11:18', NULL, NULL),
	(780, 232, 5, '2011-12-08', 5, '', '2016-09-03 23:11:18', NULL, NULL),
	(781, 232, 6, '2012-06-20', 7, '', '2016-09-03 23:11:18', NULL, NULL),
	(782, 232, 8, '2012-07-20', 7, '', '2016-09-03 23:11:18', NULL, NULL),
	(783, 232, 10, '2012-08-15', 8, '', '2016-09-03 23:11:18', NULL, NULL),
	(784, 232, 11, '2012-08-15', 8, '', '2016-09-03 23:11:18', NULL, NULL),
	(785, 234, 3, '2012-05-16', 6, '', '2016-09-03 23:11:18', NULL, NULL),
	(786, 235, 3, '2013-02-22', 8, '', '2016-09-03 23:11:18', NULL, NULL),
	(787, 236, 3, '2011-05-23', 4, '', '2016-09-03 23:11:18', NULL, NULL),
	(788, 236, 4, '2011-06-20', 4, '', '2016-09-03 23:11:18', NULL, NULL),
	(789, 236, 5, '2011-08-10', 5, '', '2016-09-03 23:11:18', NULL, NULL),
	(790, 236, 6, '2012-04-27', 6, '', '2016-09-03 23:11:18', NULL, NULL),
	(791, 236, 8, '2012-05-07', 6, '', '2016-09-03 23:11:18', NULL, NULL),
	(792, 236, 10, '2012-06-04', 6, '', '2016-09-03 23:11:18', NULL, NULL),
	(793, 236, 11, '2012-06-04', 6, '', '2016-09-03 23:11:18', NULL, NULL),
	(794, 233, 1, '2013-09-30', 0, '', '2016-09-03 23:11:18', NULL, NULL),
	(795, 234, 1, '2013-08-15', 0, '', '2016-09-03 23:11:18', NULL, NULL),
	(796, 235, 1, '2013-08-15', 0, '', '2016-09-03 23:11:18', NULL, NULL),
	(797, 258, 5, '2015-01-14', 1, '', '2016-09-03 23:11:18', NULL, NULL),
	(798, 256, 5, '2015-01-14', 1, '', '2016-09-03 23:11:18', NULL, NULL),
	(799, 119, 3, '2014-03-21', 4, '', '2016-09-03 23:11:18', NULL, NULL),
	(800, 61, 4, '2014-03-21', 4, '', '2016-09-03 23:11:18', NULL, NULL),
	(801, 45, 6, '2014-03-14', 8, '', '2016-09-03 23:11:18', NULL, NULL),
	(802, 47, 6, '2014-03-14', 8, '', '2016-09-03 23:11:18', NULL, NULL),
	(803, 47, 5, '2014-02-03', 8, '', '2016-09-03 23:11:18', NULL, NULL),
	(804, 78, 9, '2014-03-22', 7, '', '2016-09-03 23:11:18', NULL, NULL),
	(805, 47, 8, '2014-03-22', 8, '', '2016-09-03 23:11:18', NULL, NULL),
	(806, 17, 4, '2014-03-28', 6, '', '2016-09-03 23:11:18', NULL, NULL),
	(807, 37, 5, '2014-03-24', 5, '', '2016-09-03 23:11:18', NULL, NULL),
	(808, 68, 5, '2014-03-25', 4, '', '2016-09-03 23:11:18', NULL, NULL),
	(809, 105, 5, '2014-03-26', 4, '', '2016-09-03 23:11:18', NULL, NULL),
	(810, 60, 9, '2014-04-02', 4, '', '2016-09-03 23:11:18', NULL, NULL),
	(811, 50, 9, '2014-04-02', 4, '', '2016-09-03 23:11:18', NULL, NULL),
	(812, 95, 4, '2014-04-05', 3, 'A', '2016-09-03 23:11:18', NULL, NULL),
	(813, 72, 5, '2014-04-10', 4, '', '2016-09-03 23:11:18', NULL, NULL),
	(814, 87, 4, '2014-04-12', 5, 'A', '2016-09-03 23:11:18', NULL, NULL),
	(815, 42, 15, '2014-03-19', 8, '', '2016-09-03 23:11:18', NULL, NULL),
	(816, 90, 3, '2014-04-15', 4, '', '2016-09-03 23:11:18', NULL, NULL),
	(817, 92, 3, '2014-04-15', 4, '', '2016-09-03 23:11:18', NULL, NULL),
	(818, 78, 8, '2014-04-21', 8, '', '2016-09-03 23:11:18', NULL, NULL),
	(819, 45, 8, '2014-03-22', 8, '', '2016-09-03 23:11:18', NULL, NULL),
	(820, 47, 10, '2014-03-26', 8, '', '2016-09-03 23:11:18', NULL, NULL),
	(821, 47, 11, '2014-03-26', 8, '', '2016-09-03 23:11:18', NULL, NULL),
	(822, 45, 10, '2014-03-29', 8, '', '2016-09-03 23:11:18', NULL, NULL),
	(823, 45, 11, '2014-03-29', 8, '', '2016-09-03 23:11:18', NULL, NULL),
	(824, 79, 5, '2014-02-18', 7, '', '2016-09-03 23:11:18', NULL, NULL),
	(825, 44, 4, '2014-04-16', 4, '', '2016-09-03 23:11:18', NULL, NULL),
	(826, 44, 5, '2014-05-16', 4, '', '2016-09-03 23:11:18', NULL, NULL),
	(827, 119, 4, '2014-04-17', 4, '', '2016-09-03 23:11:18', NULL, NULL),
	(828, 200, 3, '2014-02-18', 4, '', '2016-09-03 23:11:18', NULL, NULL),
	(829, 200, 4, '2014-04-22', 4, '', '2016-09-03 23:11:18', NULL, NULL),
	(830, 77, 10, '2014-05-03', 8, '', '2016-09-03 23:11:18', NULL, NULL),
	(831, 51, 4, '2014-04-22', 4, '', '2016-09-03 23:11:18', NULL, NULL),
	(832, 97, 4, '2014-05-03', 4, 'A', '2016-09-03 23:11:18', NULL, NULL),
	(833, 49, 5, '2014-04-29', 4, '', '2016-09-03 23:11:18', NULL, NULL),
	(834, 43, 6, '2014-04-26', 4, '', '2016-09-03 23:11:18', NULL, NULL),
	(835, 115, 4, '2014-04-12', 4, '', '2016-09-03 23:11:18', NULL, NULL),
	(836, 115, 5, '2014-04-21', 4, '', '2016-09-03 23:11:18', NULL, NULL),
	(837, 58, 5, '2014-04-28', 4, '', '2016-09-03 23:11:18', NULL, NULL),
	(838, 63, 5, '2014-04-29', 4, '', '2016-09-03 23:11:18', NULL, NULL),
	(839, 61, 5, '2014-04-08', 4, '', '2016-09-03 23:11:18', NULL, NULL),
	(840, 62, 4, '2014-03-21', 4, '', '2016-09-03 23:11:18', NULL, NULL),
	(841, 62, 5, '2014-04-21', 4, '', '2016-09-03 23:11:18', NULL, NULL),
	(842, 75, 5, '2014-03-17', 4, '', '2016-09-03 23:11:18', NULL, NULL),
	(843, 103, 5, '2014-02-13', 4, '', '2016-09-03 23:11:18', NULL, NULL),
	(844, 106, 6, '2014-04-26', 4, '', '2016-09-03 23:11:18', NULL, NULL),
	(845, 59, 5, '2014-04-21', 4, '', '2016-09-03 23:11:18', NULL, NULL),
	(846, 77, 11, '2014-05-03', 8, '', '2016-09-03 23:11:18', NULL, NULL),
	(847, 58, 6, '2014-05-05', 4, '', '2016-09-03 23:11:18', NULL, NULL),
	(848, 46, 4, '2014-05-08', 4, '', '2016-09-03 23:11:18', NULL, NULL),
	(849, 185, 3, '2014-05-07', 8, '', '2016-09-03 23:11:18', NULL, NULL),
	(850, 106, 8, '2014-05-22', 4, '', '2016-09-03 23:11:18', NULL, NULL),
	(851, 43, 8, '2014-05-22', 4, '', '2016-09-03 23:11:18', NULL, NULL),
	(852, 66, 5, '2014-05-14', 4, '', '2016-09-03 23:11:18', NULL, NULL),
	(853, 117, 5, '2014-05-14', 4, '', '2016-09-03 23:11:18', NULL, NULL),
	(854, 104, 5, '2014-05-19', 4, '', '2016-09-03 23:11:18', NULL, NULL),
	(855, 92, 4, '2014-05-17', 5, 'A', '2016-09-03 23:11:18', NULL, NULL),
	(856, 96, 3, '2014-05-17', 5, '', '2016-09-03 23:11:18', NULL, NULL),
	(857, 96, 4, '2014-05-24', 5, 'A', '2016-09-03 23:11:18', NULL, NULL),
	(858, 100, 3, '2014-05-17', 5, '', '2016-09-03 23:11:18', NULL, NULL),
	(859, 100, 4, '2014-05-24', 5, 'A', '2016-09-03 23:11:18', NULL, NULL),
	(860, 103, 6, '2014-06-03', 4, '', '2016-09-03 23:11:18', NULL, NULL),
	(861, 108, 6, '2014-06-03', 4, '', '2016-09-03 23:11:18', NULL, NULL),
	(862, 73, 6, '2014-06-03', 4, '', '2016-09-03 23:11:18', NULL, NULL),
	(863, 53, 6, '2014-06-03', 4, '', '2016-09-03 23:11:18', NULL, NULL),
	(864, 117, 6, '2014-06-04', 4, '', '2016-09-03 23:11:18', NULL, NULL),
	(865, 46, 5, '2014-05-28', 4, '', '2016-09-03 23:11:18', NULL, NULL),
	(866, 35, 1, '2011-06-03', 5, '', '2016-09-03 23:11:18', NULL, NULL),
	(867, 43, 10, '2014-06-07', 4, '', '2016-09-03 23:11:18', NULL, NULL),
	(868, 58, 8, '2014-06-19', 4, '', '2016-09-03 23:11:18', NULL, NULL),
	(869, 199, 6, '2014-06-19', 4, '', '2016-09-03 23:11:18', NULL, NULL),
	(870, 97, 5, '2014-06-09', 4, '', '2016-09-03 23:11:18', NULL, NULL),
	(871, 200, 5, '2014-06-18', 4, '', '2016-09-03 23:11:18', NULL, NULL),
	(872, 106, 10, '2014-07-02', 4, '', '2016-09-03 23:11:18', NULL, NULL),
	(873, 125, 3, '2014-07-02', 2, '', '2016-09-03 23:11:18', NULL, NULL),
	(874, 249, 1, '2013-10-25', 1, '', '2016-09-03 23:11:18', NULL, NULL),
	(875, 119, 5, '2014-07-02', 4, '', '2016-09-03 23:11:18', NULL, NULL),
	(876, 119, 6, '2014-07-07', 4, '', '2016-09-03 23:11:18', NULL, NULL),
	(877, 7, 3, '2014-07-07', 6, '', '2016-09-03 23:11:18', NULL, NULL),
	(878, 49, 6, '2014-07-08', 4, '', '2016-09-03 23:11:18', NULL, NULL),
	(879, 68, 6, '2014-07-08', 4, '', '2016-09-03 23:11:18', NULL, NULL),
	(880, 142, 3, '2014-07-07', 2, '', '2016-09-03 23:11:18', NULL, NULL),
	(881, 101, 6, '2014-07-14', 4, '', '2016-09-03 23:11:18', NULL, NULL),
	(882, 4, 8, '2014-08-11', 6, '', '2016-09-03 23:11:18', NULL, NULL),
	(883, 144, 3, '2014-07-15', 2, '', '2016-09-03 23:11:18', NULL, NULL),
	(884, 108, 8, '2014-08-11', 4, '', '2016-09-03 23:11:18', NULL, NULL),
	(885, 103, 8, '2014-08-11', 4, '', '2016-09-03 23:11:18', NULL, NULL),
	(886, 110, 6, '2014-07-16', 4, '', '2016-09-03 23:11:18', NULL, NULL),
	(887, 116, 6, '2014-07-16', 4, '', '2016-09-03 23:11:18', NULL, NULL),
	(888, 87, 5, '2014-06-30', 5, '', '2016-09-03 23:11:18', NULL, NULL),
	(889, 113, 6, '2014-07-16', 4, '', '2016-09-03 23:11:18', NULL, NULL),
	(890, 58, 10, '2014-08-06', 4, '', '2016-09-03 23:11:18', NULL, NULL),
	(891, 60, 8, '2014-05-05', 4, '', '2016-09-03 23:11:18', NULL, NULL),
	(892, 60, 10, '2014-07-16', 4, '', '2016-09-03 23:11:18', NULL, NULL),
	(893, 50, 8, '2014-05-05', 4, '', '2016-09-03 23:11:18', NULL, NULL),
	(894, 50, 10, '2014-07-16', 4, '', '2016-09-03 23:11:18', NULL, NULL),
	(895, 100, 5, '2014-07-08', 6, '', '2016-09-03 23:11:18', NULL, NULL),
	(896, 81, 4, '2014-07-17', 6, 'AB', '2016-09-03 23:11:18', NULL, NULL),
	(897, 81, 6, '2013-07-12', 0, '', '2016-09-03 23:11:18', NULL, NULL),
	(898, 119, 8, '2014-07-21', 4, '', '2016-09-03 23:11:18', NULL, NULL),
	(899, 7, 4, '2014-07-17', 6, '', '2016-09-03 23:11:18', NULL, NULL),
	(900, 142, 4, '2014-07-17', 2, '', '2016-09-03 23:11:18', NULL, NULL),
	(901, 117, 8, '2014-08-18', 4, '', '2016-09-03 23:11:18', NULL, NULL),
	(902, 114, 6, '2014-07-22', 4, '', '2016-09-03 23:11:18', NULL, NULL),
	(903, 185, 4, '2014-07-08', 8, '', '2016-09-03 23:11:18', NULL, NULL),
	(904, 188, 6, '2014-07-08', 8, '', '2016-09-03 23:11:18', NULL, NULL),
	(905, 113, 8, '2014-08-28', 4, '', '2016-09-03 23:11:18', NULL, NULL),
	(906, 102, 6, '2014-08-06', 4, '', '2016-09-03 23:11:18', NULL, NULL),
	(907, 107, 6, '2014-08-21', 4, '', '2016-09-03 23:11:18', NULL, NULL),
	(908, 101, 8, '2014-08-14', 4, '', '2016-09-03 23:11:18', NULL, NULL),
	(909, 103, 10, '2014-08-21', 4, '', '2016-09-03 23:11:18', NULL, NULL),
	(910, 17, 5, '2014-04-21', 6, '', '2016-09-03 23:11:18', NULL, NULL),
	(911, 64, 5, '2014-06-25', 4, '', '2016-09-03 23:11:18', NULL, NULL),
	(912, 51, 5, '2014-06-16', 4, '', '2016-09-03 23:11:18', NULL, NULL),
	(913, 56, 5, '2014-02-21', 3, '', '2016-09-03 23:11:18', NULL, NULL),
	(914, 57, 5, '2014-02-21', 3, '', '2016-09-03 23:11:18', NULL, NULL),
	(915, 75, 4, '2014-03-03', 4, '', '2016-09-03 23:11:18', NULL, NULL),
	(916, 184, 8, '2014-07-07', 8, '', '2016-09-03 23:11:18', NULL, NULL),
	(917, 184, 10, '2014-08-25', 8, '', '2016-09-03 23:11:18', NULL, NULL),
	(918, 108, 10, '2014-08-25', 4, '', '2016-09-03 23:11:18', NULL, NULL),
	(919, 68, 8, '2014-08-21', 4, '', '2016-09-03 23:11:18', NULL, NULL),
	(920, 188, 9, '2014-08-19', 8, '', '2016-09-03 23:11:18', NULL, NULL),
	(921, 57, 6, '2014-08-20', 4, '', '2016-09-03 23:11:18', NULL, NULL),
	(922, 49, 8, '2014-08-14', 4, '', '2016-09-03 23:11:18', NULL, NULL),
	(923, 102, 8, '2014-08-28', 4, '', '2016-09-03 23:11:18', NULL, NULL),
	(924, 117, 10, '2014-08-27', 4, '', '2016-09-03 23:11:18', NULL, NULL),
	(925, 115, 6, '2014-08-30', 4, '', '2016-09-03 23:11:18', NULL, NULL),
	(926, 157, 3, '2014-08-28', 2, '', '2016-09-03 23:11:18', NULL, NULL),
	(927, 78, 10, '2014-08-23', 8, '', '2016-09-03 23:11:18', NULL, NULL),
	(928, 78, 11, '2014-08-23', 8, '', '2016-09-03 23:11:18', NULL, NULL),
	(929, 79, 6, '2014-08-16', 8, '', '2016-09-03 23:11:18', NULL, NULL),
	(930, 86, 3, '2014-07-12', 6, '', '2016-09-03 23:11:18', NULL, NULL),
	(931, 119, 10, '2014-08-28', 4, '', '2016-09-03 23:11:18', NULL, NULL),
	(932, 109, 6, '2014-08-06', 4, '', '2016-09-03 23:11:18', NULL, NULL),
	(933, 109, 8, '2014-09-01', 4, '', '2016-09-03 23:11:18', NULL, NULL),
	(934, 101, 10, '2014-09-06', 5, '', '2016-09-03 23:11:18', NULL, NULL),
	(935, 49, 9, '2014-09-01', 4, '', '2016-09-03 23:11:18', NULL, NULL),
	(936, 64, 6, '2014-09-06', 5, '', '2016-09-03 23:11:18', NULL, NULL),
	(937, 131, 3, '2014-09-01', 3, '', '2016-09-03 23:11:18', NULL, NULL),
	(938, 157, 4, '2014-09-01', 2, '', '2016-09-03 23:11:18', NULL, NULL),
	(939, 80, 4, '2014-09-06', 6, 'AB', '2016-09-03 23:11:18', NULL, NULL),
	(940, 79, 8, '2014-09-06', 8, '', '2016-09-03 23:11:18', NULL, NULL),
	(941, 124, 3, '2014-09-12', 3, '', '2016-09-03 23:11:18', NULL, NULL),
	(942, 151, 3, '2014-09-16', 3, '', '2016-09-03 23:11:18', NULL, NULL),
	(943, 137, 3, '2014-07-15', 2, '', '2016-09-03 23:11:18', NULL, NULL),
	(944, 86, 4, '2014-09-13', 6, 'AB', '2016-09-03 23:11:18', NULL, NULL),
	(945, 154, 3, '2014-09-15', 3, '', '2016-09-03 23:11:18', NULL, NULL),
	(946, 21, 4, '2014-09-23', 7, '', '2016-09-03 23:11:18', NULL, NULL),
	(947, 113, 10, '2014-09-15', 5, '', '2016-09-03 23:11:18', NULL, NULL),
	(948, 109, 10, '2014-09-16', 5, '', '2016-09-03 23:11:18', NULL, NULL),
	(949, 102, 9, '2014-09-19', 5, '', '2016-09-03 23:11:18', NULL, NULL),
	(950, 199, 8, '2014-09-08', 5, '', '2016-09-03 23:11:18', NULL, NULL),
	(951, 199, 10, '2014-09-22', 5, '', '2016-09-03 23:11:18', NULL, NULL),
	(952, 37, 6, '2014-09-19', 6, '', '2016-09-03 23:11:18', NULL, NULL),
	(953, 21, 3, '2014-09-17', 6, '', '2016-09-03 23:11:18', NULL, NULL),
	(954, 62, 6, '2014-09-22', 5, '', '2016-09-03 23:11:18', NULL, NULL),
	(955, 131, 4, '2014-09-24', 3, '', '2016-09-03 23:11:18', NULL, NULL),
	(956, 144, 4, '2014-09-24', 3, '', '2016-09-03 23:11:18', NULL, NULL),
	(957, 151, 4, '2014-09-24', 3, '', '2016-09-03 23:11:18', NULL, NULL),
	(958, 127, 3, '2014-09-24', 3, '', '2016-09-03 23:11:18', NULL, NULL),
	(959, 110, 8, '2014-10-02', 5, '', '2016-09-03 23:11:18', NULL, NULL),
	(960, 116, 8, '2014-10-02', 5, '', '2016-09-03 23:11:18', NULL, NULL),
	(961, 102, 10, '2014-10-03', 5, '', '2016-09-03 23:11:18', NULL, NULL),
	(962, 79, 10, '2014-09-24', 8, '', '2016-09-03 23:11:18', NULL, NULL),
	(963, 79, 11, '2014-09-24', 8, '', '2016-09-03 23:11:18', NULL, NULL),
	(964, 35, 6, '2014-10-01', 6, '', '2016-09-03 23:11:18', NULL, NULL),
	(965, 128, 3, '2014-10-06', 3, '', '2016-09-03 23:11:18', NULL, NULL),
	(966, 145, 3, '2014-10-06', 3, '', '2016-09-03 23:11:18', NULL, NULL),
	(967, 131, 5, '2014-10-07', 3, '', '2016-09-03 23:11:18', NULL, NULL),
	(968, 110, 10, '2014-10-09', 5, '', '2016-09-03 23:11:18', NULL, NULL),
	(969, 116, 9, '2014-10-09', 5, '', '2016-09-03 23:11:18', NULL, NULL),
	(970, 67, 3, '2014-10-13', 5, '', '2016-09-03 23:11:18', NULL, NULL),
	(971, 82, 4, '2014-10-09', 7, 'A', '2016-09-03 23:11:18', NULL, NULL),
	(972, 94, 3, '2014-10-10', 5, '', '2016-09-03 23:11:18', NULL, NULL),
	(973, 145, 4, '2014-10-16', 3, '', '2016-09-03 23:11:18', NULL, NULL),
	(974, 128, 4, '2014-10-16', 3, '', '2016-09-03 23:11:18', NULL, NULL),
	(975, 132, 3, '2014-10-15', 3, '', '2016-09-03 23:11:18', NULL, NULL),
	(976, 256, 1, '2013-09-01', 1, '', '2016-09-03 23:11:18', NULL, NULL),
	(977, 256, 3, '2014-10-28', 1, '', '2016-09-03 23:11:18', NULL, NULL),
	(978, 257, 1, '2014-09-01', 0, '', '2016-09-03 23:11:18', NULL, NULL),
	(979, 257, 3, '2014-10-27', 1, '', '2016-09-03 23:11:18', NULL, NULL),
	(980, 258, 1, '2013-09-01', 1, '', '2016-09-03 23:11:18', NULL, NULL),
	(981, 258, 3, '2014-10-28', 1, '', '2016-09-03 23:11:18', NULL, NULL),
	(983, 255, 3, '2014-10-27', 1, '', '2016-09-03 23:11:18', NULL, NULL),
	(984, 126, 3, '2014-10-23', 3, '', '2016-09-03 23:11:18', NULL, NULL),
	(985, 114, 8, '2014-09-04', 5, '', '2016-09-03 23:11:18', NULL, NULL),
	(986, 114, 10, '2014-10-27', 5, '', '2016-09-03 23:11:18', NULL, NULL),
	(987, 135, 3, '2014-10-29', 2, '', '2016-09-03 23:11:18', NULL, NULL),
	(988, 147, 3, '2014-10-29', 2, '', '2016-09-03 23:11:18', NULL, NULL),
	(989, 255, 4, '2014-11-07', 1, '', '2016-09-03 23:11:18', NULL, NULL),
	(990, 257, 4, '2014-11-07', 1, '', '2016-09-03 23:11:18', NULL, NULL),
	(991, 258, 4, '2014-11-07', 1, '', '2016-09-03 23:11:18', NULL, NULL),
	(992, 256, 4, '2014-11-07', 1, '', '2016-09-03 23:11:18', NULL, NULL),
	(993, 122, 3, '2015-03-02', 4, '', '2016-09-03 23:11:18', NULL, NULL),
	(994, 124, 4, '2014-10-31', 3, '', '2016-09-03 23:11:18', NULL, NULL),
	(995, 132, 4, '2014-10-31', 3, '', '2016-09-03 23:11:18', NULL, NULL),
	(996, 127, 4, '2014-10-31', 3, '', '2016-09-03 23:11:18', NULL, NULL),
	(997, 56, 6, '2014-11-08', 5, '', '2016-09-03 23:11:18', NULL, NULL),
	(998, 142, 5, '2014-10-17', 3, '', '2016-09-03 23:11:18', NULL, NULL),
	(999, 112, 6, '2014-12-03', 5, '', '2016-09-03 23:11:18', NULL, NULL),
	(1000, 15, 6, '2014-11-15', 7, '', '2016-09-03 23:11:18', NULL, NULL),
	(1001, 36, 6, '2014-11-13', 6, '', '2016-09-03 23:11:18', NULL, NULL),
	(1002, 153, 3, '2014-11-13', 3, '', '2016-09-03 23:11:18', NULL, NULL),
	(1003, 148, 3, '2014-11-13', 3, '', '2016-09-03 23:11:18', NULL, NULL),
	(1004, 125, 4, '2014-11-20', 3, '', '2016-09-03 23:11:18', NULL, NULL),
	(1005, 105, 6, '2014-11-25', 5, '', '2016-09-03 23:11:18', NULL, NULL),
	(1006, 62, 8, '2014-12-04', 5, '', '2016-09-03 23:11:18', NULL, NULL),
	(1007, 154, 4, '2014-12-03', 3, '', '2016-09-03 23:11:18', NULL, NULL),
	(1008, 112, 8, '2015-03-16', 6, '', '2016-09-03 23:11:18', NULL, NULL),
	(1009, 155, 3, '2014-11-26', 3, '', '2016-09-03 23:11:18', NULL, NULL),
	(1010, 156, 3, '2014-11-26', 3, '', '2016-09-03 23:11:18', NULL, NULL),
	(1011, 116, 10, '2014-12-08', 5, '', '2016-09-03 23:11:18', NULL, NULL),
	(1012, 115, 8, '2014-12-11', 5, '', '2016-09-03 23:11:18', NULL, NULL),
	(1013, 150, 3, '2014-12-05', 3, '', '2016-09-03 23:11:18', NULL, NULL),
	(1014, 72, 6, '2014-12-05', 5, '', '2016-09-03 23:11:18', NULL, NULL),
	(1015, 70, 6, '2014-12-05', 5, '', '2016-09-03 23:11:18', NULL, NULL),
	(1016, 67, 4, '2014-12-10', 5, '', '2016-09-03 23:11:18', NULL, NULL),
	(1017, 64, 8, '2014-12-18', 5, '', '2016-09-03 23:11:18', NULL, NULL),
	(1018, 105, 8, '2014-12-18', 5, '', '2016-09-03 23:11:18', NULL, NULL),
	(1019, 61, 8, '2014-12-18', 5, '', '2016-09-03 23:11:18', NULL, NULL),
	(1020, 68, 9, '2014-12-10', 5, '', '2016-09-03 23:11:18', NULL, NULL),
	(1021, 61, 6, '2014-12-11', 5, '', '2016-09-03 23:11:18', NULL, NULL),
	(1022, 57, 8, '2014-12-29', 5, '', '2016-09-03 23:11:18', NULL, NULL),
	(1023, 157, 5, '2014-12-15', 3, '', '2016-09-03 23:11:18', NULL, NULL),
	(1024, 128, 5, '2014-12-12', 3, '', '2016-09-03 23:11:18', NULL, NULL),
	(1025, 127, 5, '2014-12-15', 3, '', '2016-09-03 23:11:18', NULL, NULL),
	(1026, 144, 5, '2014-11-24', 3, '', '2016-09-03 23:11:18', NULL, NULL),
	(1027, 68, 10, '2014-12-19', 5, '', '2016-09-03 23:11:18', NULL, NULL),
	(1028, 49, 10, '2014-12-22', 5, '', '2016-09-03 23:11:18', NULL, NULL),
	(1029, 65, 6, '2014-12-19', 5, '', '2016-09-03 23:11:18', NULL, NULL),
	(1030, 126, 4, '2014-12-24', 3, '', '2016-09-03 23:11:18', NULL, NULL),
	(1031, 137, 4, '2014-12-24', 3, '', '2016-09-03 23:11:18', NULL, NULL),
	(1032, 53, 8, '2014-12-29', 5, '', '2016-09-03 23:11:18', NULL, NULL),
	(1033, 59, 8, '2015-01-05', 5, '', '2016-09-03 23:11:18', NULL, NULL),
	(1034, 70, 8, '2015-01-05', 5, '', '2016-09-03 23:11:18', NULL, NULL),
	(1035, 66, 8, '2015-01-08', 5, '', '2016-09-03 23:11:18', NULL, NULL),
	(1036, 72, 8, '2015-01-08', 5, '', '2016-09-03 23:11:18', NULL, NULL),
	(1037, 134, 3, '2015-01-19', 3, '', '2016-09-03 23:11:18', NULL, NULL),
	(1038, 148, 4, '2015-01-19', 3, '', '2016-09-03 23:11:18', NULL, NULL),
	(1039, 37, 8, '2014-12-03', 6, '', '2016-09-03 23:11:18', NULL, NULL),
	(1040, 37, 10, '2015-01-19', 6, '', '2016-09-03 23:11:18', NULL, NULL),
	(1041, 135, 4, '2015-01-21', 3, '', '2016-09-03 23:11:18', NULL, NULL),
	(1042, 150, 4, '2015-01-21', 3, '', '2016-09-03 23:11:18', NULL, NULL),
	(1043, 122, 4, '2015-03-18', 4, '', '2016-09-03 23:11:18', NULL, NULL),
	(1044, 39, 8, '2015-01-15', 6, '', '2016-09-03 23:11:18', NULL, NULL),
	(1045, 39, 10, '2015-01-26', 6, '', '2016-09-03 23:11:18', NULL, NULL),
	(1046, 70, 10, '2015-01-26', 5, '', '2016-09-03 23:11:18', NULL, NULL),
	(1047, 81, 5, '2014-08-19', 6, '', '2016-09-03 23:11:18', NULL, NULL),
	(1048, 81, 3, '2013-04-20', 0, '', '2016-09-03 23:11:18', NULL, NULL),
	(1049, 87, 6, '2015-02-26', 5, '', '2016-09-03 23:11:18', NULL, NULL),
	(1050, 87, 8, '2015-03-07', 5, '', '2016-09-03 23:11:18', NULL, NULL),
	(1051, 90, 5, '2014-10-21', 6, '', '2016-09-03 23:11:18', NULL, NULL),
	(1052, 92, 5, '2014-10-21', 6, '', '2016-09-03 23:11:18', NULL, NULL),
	(1053, 93, 3, '2015-02-28', 5, '', '2016-09-03 23:11:18', NULL, NULL),
	(1054, 95, 5, '2014-12-16', 5, '', '2016-09-03 23:11:18', NULL, NULL),
	(1055, 96, 5, '2015-02-02', 6, '', '2016-09-03 23:11:18', NULL, NULL),
	(1056, 163, 4, '2015-01-24', 3, 'A', '2016-09-03 23:11:18', NULL, NULL),
	(1057, 163, 5, '2015-02-23', 3, '', '2016-09-03 23:11:18', NULL, NULL),
	(1058, 164, 5, '2014-12-31', 3, '', '2016-09-03 23:11:18', NULL, NULL),
	(1059, 166, 3, '2015-02-16', 3, '', '2016-09-03 23:11:18', NULL, NULL),
	(1060, 168, 3, '2015-02-25', 3, '', '2016-09-03 23:11:18', NULL, NULL),
	(1061, 249, 4, '2015-01-21', 3, 'A', '2016-09-03 23:11:18', NULL, NULL),
	(1062, 249, 5, '2015-02-09', 3, '', '2016-09-03 23:11:18', NULL, NULL),
	(1063, 262, 3, '2015-02-15', 2, '', '2016-09-03 23:11:18', NULL, NULL),
	(1064, 261, 3, '2015-02-11', 1, '', '2016-09-03 23:11:18', NULL, NULL),
	(1065, 262, 4, '2015-03-19', 2, '', '2016-09-03 23:11:18', NULL, NULL),
	(1066, 261, 4, '2015-03-19', 1, '', '2016-09-03 23:11:18', NULL, NULL),
	(1067, 1, 6, '2013-03-13', 4, '', '2016-09-03 23:11:18', NULL, NULL),
	(1068, 1, 8, '2015-02-05', 8, '', '2016-09-03 23:11:18', NULL, NULL),
	(1069, 259, 3, '2015-02-18', 2, '', '2016-09-03 23:11:18', NULL, NULL),
	(1070, 259, 4, '2015-02-25', 2, '', '2016-09-03 23:11:18', NULL, NULL),
	(1071, 6, 11, '2014-02-07', 5, '', '2016-09-03 23:11:18', NULL, NULL),
	(1072, 8, 11, '2013-09-16', 0, '', '2016-09-03 23:11:18', NULL, NULL),
	(1073, 9, 11, '2013-08-22', 0, '', '2016-09-03 23:11:18', NULL, NULL),
	(1074, 255, 5, '2015-02-24', 3, '', '2016-09-03 23:11:18', NULL, NULL),
	(1075, 10, 11, '2013-09-16', 5, '', '2016-09-03 23:11:18', NULL, NULL),
	(1076, 12, 11, '2013-07-31', 4, '', '2016-09-03 23:11:18', NULL, NULL),
	(1077, 13, 11, '2014-02-07', 4, '', '2016-09-03 23:11:18', NULL, NULL),
	(1078, 15, 10, '2015-02-15', 7, '', '2016-09-03 23:11:18', NULL, NULL),
	(1079, 15, 11, '2015-02-15', 7, '', '2016-09-03 23:11:18', NULL, NULL),
	(1080, 16, 11, '2013-09-10', 5, '', '2016-09-03 23:11:18', NULL, NULL),
	(1081, 18, 11, '2013-09-17', 5, '', '2016-09-03 23:11:18', NULL, NULL),
	(1082, 20, 11, '2014-01-23', 5, '', '2016-09-03 23:11:18', NULL, NULL),
	(1083, 22, 11, '2014-02-08', 4, '', '2016-09-03 23:11:18', NULL, NULL),
	(1084, 24, 11, '2014-02-05', 6, '', '2016-09-03 23:11:18', NULL, NULL),
	(1085, 25, 11, '2013-11-13', 5, '', '2016-09-03 23:11:18', NULL, NULL),
	(1086, 27, 11, '2013-09-25', 5, '', '2016-09-03 23:11:18', NULL, NULL),
	(1087, 28, 11, '2013-12-21', 5, '', '2016-09-03 23:11:18', NULL, NULL),
	(1088, 29, 10, '2014-01-27', 5, '', '2016-09-03 23:11:18', NULL, NULL),
	(1089, 29, 11, '2014-01-27', 5, '', '2016-09-03 23:11:18', NULL, NULL),
	(1090, 139, 3, '2015-02-17', 3, '', '2016-09-03 23:11:18', NULL, NULL),
	(1091, 31, 11, '2013-12-12', 5, '', '2016-09-03 23:11:18', NULL, NULL),
	(1092, 35, 10, '2015-01-30', 6, '', '2016-09-03 23:11:18', NULL, NULL),
	(1093, 35, 11, '2015-01-30', 6, '', '2016-09-03 23:11:18', NULL, NULL),
	(1094, 37, 11, '2015-01-19', 6, '', '2016-09-03 23:11:18', NULL, NULL),
	(1095, 38, 11, '2014-03-20', 5, '', '2016-09-03 23:11:18', NULL, NULL),
	(1096, 39, 11, '2015-01-26', 6, '', '2016-09-03 23:11:18', NULL, NULL),
	(1097, 40, 11, '2014-02-07', 4, '', '2016-09-03 23:11:18', NULL, NULL),
	(1098, 43, 11, '2014-06-07', 0, '', '2016-09-03 23:11:18', NULL, NULL),
	(1099, 262, 1, '2014-09-01', 1, '', '2016-09-03 23:11:18', NULL, NULL),
	(1100, 259, 1, '2014-09-01', 1, '', '2016-09-03 23:11:18', NULL, NULL),
	(1101, 49, 11, '2014-12-22', 5, '', '2016-09-03 23:11:18', NULL, NULL),
	(1102, 50, 11, '2014-07-16', 4, '', '2016-09-03 23:11:18', NULL, NULL),
	(1103, 53, 11, '2015-01-19', 5, '', '2016-09-03 23:11:18', NULL, NULL),
	(1104, 56, 10, '2015-01-30', 5, '', '2016-09-03 23:11:18', NULL, NULL),
	(1105, 56, 11, '2015-01-30', 5, '', '2016-09-03 23:11:18', NULL, NULL),
	(1106, 120, 4, '2015-02-15', 4, '', '2016-09-03 23:11:18', NULL, NULL),
	(1107, 57, 10, '2015-02-05', 5, '', '2016-09-03 23:11:18', NULL, NULL),
	(1108, 57, 11, '2015-02-05', 5, '', '2016-09-03 23:11:18', NULL, NULL),
	(1109, 133, 4, '2015-03-04', 4, '', '2016-09-03 23:11:18', NULL, NULL),
	(1110, 58, 11, '2014-08-06', 4, '', '2016-09-03 23:11:18', NULL, NULL),
	(1111, 59, 10, '2015-01-29', 5, '', '2016-09-03 23:11:18', NULL, NULL),
	(1112, 59, 11, '2015-01-29', 5, '', '2016-09-03 23:11:18', NULL, NULL),
	(1113, 60, 11, '2014-07-16', 4, '', '2016-09-03 23:11:18', NULL, NULL),
	(1114, 61, 10, '2015-01-15', 5, '', '2016-09-03 23:11:18', NULL, NULL),
	(1115, 62, 11, '2015-01-15', 5, '', '2016-09-03 23:11:18', NULL, NULL),
	(1116, 64, 10, '2015-01-28', 5, '', '2016-09-03 23:11:18', NULL, NULL),
	(1117, 64, 11, '2015-01-28', 5, '', '2016-09-03 23:11:18', NULL, NULL),
	(1118, 65, 8, '2015-01-15', 5, '', '2016-09-03 23:11:18', NULL, NULL),
	(1119, 65, 10, '2015-01-29', 5, '', '2016-09-03 23:11:18', NULL, NULL),
	(1120, 65, 11, '2015-01-29', 5, '', '2016-09-03 23:11:18', NULL, NULL),
	(1121, 66, 6, '2014-12-05', 4, '', '2016-09-03 23:11:18', NULL, NULL),
	(1122, 66, 10, '2015-01-30', 5, '', '2016-09-03 23:11:18', NULL, NULL),
	(1123, 66, 11, '2015-01-30', 0, '', '2016-09-03 23:11:18', NULL, NULL),
	(1124, 67, 5, '2014-12-19', 5, '', '2016-09-03 23:11:18', NULL, NULL),
	(1125, 68, 11, '2014-12-19', 5, '', '2016-09-03 23:11:18', NULL, NULL),
	(1126, 70, 11, '2015-01-26', 5, '', '2016-09-03 23:11:18', NULL, NULL),
	(1127, 102, 11, '2014-10-03', 5, '', '2016-09-03 23:11:18', NULL, NULL),
	(1128, 72, 10, '2015-01-30', 5, '', '2016-09-03 23:11:18', NULL, NULL),
	(1129, 72, 11, '2015-01-30', 5, '', '2016-09-03 23:11:18', NULL, NULL),
	(1130, 73, 10, '2015-01-30', 5, '', '2016-09-03 23:11:18', NULL, NULL),
	(1131, 73, 11, '2015-01-30', 5, '', '2016-09-03 23:11:18', NULL, NULL),
	(1132, 75, 6, '2015-02-06', 5, '', '2016-09-03 23:11:18', NULL, NULL),
	(1133, 75, 8, '2015-03-05', 5, '', '2016-09-03 23:11:18', NULL, NULL),
	(1134, 101, 11, '2014-09-06', 5, '', '2016-09-03 23:11:18', NULL, NULL),
	(1135, 103, 11, '2014-08-21', 4, '', '2016-09-03 23:11:18', NULL, NULL),
	(1136, 105, 11, '2015-01-12', 5, '', '2016-09-03 23:11:18', NULL, NULL),
	(1137, 106, 11, '2014-07-02', 4, '', '2016-09-03 23:11:18', NULL, NULL),
	(1138, 108, 11, '2014-08-25', 0, '', '2016-09-03 23:11:18', NULL, NULL),
	(1139, 109, 11, '2014-09-16', 5, '', '2016-09-03 23:11:18', NULL, NULL),
	(1140, 110, 11, '2014-10-09', 5, '', '2016-09-03 23:11:18', NULL, NULL),
	(1141, 113, 11, '2014-09-15', 5, '', '2016-09-03 23:11:18', NULL, NULL),
	(1142, 114, 11, '2014-10-27', 5, '', '2016-09-03 23:11:18', NULL, NULL),
	(1143, 115, 11, '2015-01-07', 5, '', '2016-09-03 23:11:18', NULL, NULL),
	(1144, 116, 11, '2014-12-08', 5, '', '2016-09-03 23:11:18', NULL, NULL),
	(1145, 117, 11, '2014-08-27', 4, '', '2016-09-03 23:11:18', NULL, NULL),
	(1146, 119, 11, '2014-08-28', 4, '', '2016-09-03 23:11:18', NULL, NULL),
	(1147, 120, 5, '2015-03-09', 4, '', '2016-09-03 23:11:18', NULL, NULL),
	(1148, 121, 4, '2015-02-25', 4, '', '2016-09-03 23:11:18', NULL, NULL),
	(1149, 130, 4, '2015-02-25', 4, '', '2016-09-03 23:11:18', NULL, NULL),
	(1150, 130, 5, '2015-03-09', 4, '', '2016-09-03 23:11:18', NULL, NULL),
	(1151, 133, 5, '2015-03-09', 4, '', '2016-09-03 23:11:18', NULL, NULL),
	(1152, 142, 6, '2015-02-09', 4, '', '2016-09-03 23:11:18', NULL, NULL),
	(1153, 142, 8, '2015-02-26', 4, '', '2016-09-03 23:11:18', NULL, NULL),
	(1154, 143, 4, '2015-02-25', 3, '', '2016-09-03 23:11:18', NULL, NULL),
	(1155, 143, 5, '2015-03-11', 4, '', '2016-09-03 23:11:18', NULL, NULL),
	(1156, 145, 5, '2014-12-18', 3, '', '2016-09-03 23:11:18', NULL, NULL),
	(1157, 146, 3, '2015-02-18', 4, '', '2016-09-03 23:11:18', NULL, NULL),
	(1158, 146, 4, '2015-03-11', 4, '', '2016-09-03 23:11:18', NULL, NULL),
	(1159, 147, 4, '2015-02-18', 4, '', '2016-09-03 23:11:18', NULL, NULL),
	(1160, 148, 5, '2015-03-09', 4, '', '2016-09-03 23:11:18', NULL, NULL),
	(1161, 150, 5, '2015-02-24', 4, '', '2016-09-03 23:11:18', NULL, NULL),
	(1162, 151, 5, '2014-10-29', 3, '', '2016-09-03 23:11:18', NULL, NULL),
	(1163, 151, 6, '2015-02-03', 4, '', '2016-09-03 23:11:18', NULL, NULL),
	(1164, 151, 10, '2015-03-23', 4, '', '2016-09-03 23:11:18', NULL, NULL),
	(1165, 260, 3, '2015-03-05', 1, '', '2016-09-03 23:11:18', NULL, NULL),
	(1166, 129, 3, '2015-04-06', 4, '', '2016-09-03 23:11:18', NULL, NULL),
	(1167, 136, 3, '2015-04-06', 4, '', '2016-09-03 23:11:18', NULL, NULL),
	(1168, 142, 9, '2015-03-31', 4, '', '2016-09-03 23:11:18', NULL, NULL),
	(1169, 120, 8, '2015-08-31', 4, '', '2016-09-03 23:11:18', NULL, NULL),
	(1170, 153, 4, '2015-04-15', 4, '', '2016-09-03 23:11:18', NULL, NULL),
	(1171, 262, 5, '2015-04-13', 2, '', '2016-09-03 23:11:18', NULL, NULL),
	(1172, 131, 6, '2015-04-24', 4, '', '2016-09-03 23:11:18', NULL, NULL),
	(1173, 260, 4, '2015-04-22', 2, '', '2016-09-03 23:11:18', NULL, NULL),
	(1174, 152, 3, '2015-04-07', 4, '', '2016-09-03 23:11:18', NULL, NULL),
	(1175, 161, 3, '2015-03-27', 3, '', '2016-09-03 23:11:18', NULL, NULL),
	(1176, 164, 6, '2015-04-22', 3, '', '2016-09-03 23:11:18', NULL, NULL),
	(1177, 164, 8, '2015-05-04', 4, '', '2016-09-03 23:11:18', NULL, NULL),
	(1178, 168, 4, '2015-04-18', 4, 'A', '2016-09-03 23:11:18', NULL, NULL),
	(1179, 174, 3, '2015-04-29', 4, '', '2016-09-03 23:11:18', NULL, NULL),
	(1180, 142, 10, '2015-05-07', 4, '', '2016-09-03 23:11:18', NULL, NULL),
	(1181, 139, 4, '2015-05-06', 4, '', '2016-09-03 23:11:18', NULL, NULL),
	(1182, 149, 3, '2015-05-06', 4, '', '2016-09-03 23:11:18', NULL, NULL),
	(1183, 128, 6, '2015-05-19', 4, '', '2016-09-03 23:11:18', NULL, NULL),
	(1184, 145, 6, '2015-05-19', 4, '', '2016-09-03 23:11:18', NULL, NULL),
	(1185, 144, 6, '2015-05-20', 4, '', '2016-09-03 23:11:18', NULL, NULL),
	(1186, 75, 10, '2015-05-27', 6, '', '2016-09-03 23:11:18', NULL, NULL),
	(1187, 112, 9, '2015-05-25', 6, '', '2016-09-03 23:11:18', NULL, NULL),
	(1188, 112, 10, '2015-07-14', 6, '', '2016-09-03 23:11:18', NULL, NULL),
	(1189, 17, 6, '2015-05-22', 8, '', '2016-09-03 23:11:18', NULL, NULL),
	(1190, 156, 4, '2015-05-26', 4, '', '2016-09-03 23:11:18', NULL, NULL),
	(1191, 123, 5, '2015-05-25', 4, '', '2016-09-03 23:11:18', NULL, NULL),
	(1192, 261, 5, '2015-05-25', 2, '', '2016-09-03 23:11:18', NULL, NULL),
	(1193, 155, 4, '2015-03-17', 4, '', '2016-09-03 23:11:18', NULL, NULL),
	(1194, 155, 5, '2015-03-24', 4, '', '2016-09-03 23:11:18', NULL, NULL),
	(1195, 144, 8, '2015-06-15', 4, '', '2016-09-03 23:11:18', NULL, NULL),
	(1196, 145, 8, '2015-06-25', 4, '', '2016-09-03 23:11:18', NULL, NULL),
	(1197, 128, 8, '2015-06-25', 4, '', '2016-09-03 23:11:18', NULL, NULL),
	(1198, 157, 6, '2015-05-28', 4, '', '2016-09-03 23:11:18', NULL, NULL),
	(1199, 153, 5, '2015-05-29', 4, '', '2016-09-03 23:11:18', NULL, NULL),
	(1200, 125, 6, '2015-06-04', 4, '', '2016-09-03 23:11:18', NULL, NULL),
	(1201, 131, 8, '2015-06-18', 4, '', '2016-09-03 23:11:18', NULL, NULL),
	(1202, 46, 6, '2015-06-15', 6, '', '2016-09-03 23:11:18', NULL, NULL),
	(1203, 149, 4, '2015-06-18', 4, '', '2016-09-03 23:11:18', NULL, NULL),
	(1204, 157, 8, '2015-07-29', 4, '', '2016-09-03 23:11:18', NULL, NULL),
	(1205, 17, 8, '2015-07-09', 8, '', '2016-09-03 23:11:18', NULL, NULL),
	(1206, 1, 10, '2015-06-24', 8, '', '2016-09-03 23:11:18', NULL, NULL),
	(1207, 136, 4, '2015-06-23', 4, '', '2016-09-03 23:11:18', NULL, NULL),
	(1208, 129, 4, '2015-06-23', 4, '', '2016-09-03 23:11:18', NULL, NULL),
	(1209, 127, 6, '2015-06-23', 4, '', '2016-09-03 23:11:18', NULL, NULL),
	(1210, 36, 8, '2015-07-06', 7, '', '2016-09-03 23:11:18', NULL, NULL),
	(1211, 256, 6, '2015-07-06', 2, '', '2016-09-03 23:11:18', NULL, NULL),
	(1212, 125, 8, '2015-07-13', 4, '', '2016-09-03 23:11:18', NULL, NULL),
	(1213, 144, 9, '2015-07-07', 4, '', '2016-09-03 23:11:18', NULL, NULL),
	(1214, 128, 9, '2015-07-06', 4, '', '2016-09-03 23:11:18', NULL, NULL),
	(1215, 145, 9, '2015-07-06', 4, '', '2016-09-03 23:11:18', NULL, NULL),
	(1216, 132, 6, '2015-07-08', 4, '', '2016-09-03 23:11:18', NULL, NULL),
	(1217, 124, 6, '2015-07-10', 4, '', '2016-09-03 23:11:18', NULL, NULL),
	(1218, 127, 8, '2015-07-27', 4, '', '2016-09-03 23:11:18', NULL, NULL),
	(1219, 135, 6, '2015-07-10', 4, '', '2016-09-03 23:11:18', NULL, NULL),
	(1220, 139, 5, '2015-07-10', 4, '', '2016-09-03 23:11:18', NULL, NULL),
	(1221, 134, 5, '2015-07-14', 4, '', '2016-09-03 23:11:18', NULL, NULL),
	(1222, 136, 5, '2015-07-14', 4, '', '2016-09-03 23:11:18', NULL, NULL),
	(1223, 129, 5, '2015-07-14', 4, '', '2016-09-03 23:11:18', NULL, NULL),
	(1224, 154, 5, '2015-03-20', 4, '', '2016-09-03 23:11:18', NULL, NULL),
	(1225, 154, 6, '2015-07-31', 4, '', '2016-09-03 23:11:18', NULL, NULL),
	(1226, 36, 10, '2015-07-23', 7, '', '2016-09-03 23:11:18', NULL, NULL),
	(1227, 137, 6, '2015-07-08', 4, '', '2016-09-03 23:11:18', NULL, NULL),
	(1228, 104, 6, '2015-08-13', 6, '', '2016-09-03 23:11:18', NULL, NULL),
	(1229, 157, 9, '2015-08-06', 4, '', '2016-09-03 23:11:18', NULL, NULL),
	(1230, 46, 8, '2015-08-10', 6, '', '2016-09-03 23:11:18', NULL, NULL),
	(1231, 135, 8, '2015-08-10', 4, '', '2016-09-03 23:11:18', NULL, NULL),
	(1232, 7, 5, '2015-07-03', 8, '', '2016-09-03 23:11:18', NULL, NULL),
	(1233, 7, 8, '2015-08-10', 8, '', '2016-09-03 23:11:18', NULL, NULL),
	(1234, 7, 9, '2015-08-07', 8, '', '2016-09-03 23:11:18', NULL, NULL),
	(1235, 137, 8, '2015-08-10', 4, '', '2016-09-03 23:11:18', NULL, NULL),
	(1236, 132, 8, '2015-08-10', 4, '', '2016-09-03 23:11:18', NULL, NULL),
	(1237, 124, 10, '2015-08-31', 4, '', '2016-09-03 23:11:18', NULL, NULL),
	(1238, 80, 5, '2015-06-03', 7, '', '2016-09-03 23:11:18', NULL, NULL),
	(1239, 81, 8, '2015-04-11', 8, '', '2016-09-03 23:11:18', NULL, NULL),
	(1240, 82, 5, '2015-04-08', 8, '', '2016-09-03 23:11:18', NULL, NULL),
	(1241, 82, 6, '2015-04-18', 8, '', '2016-09-03 23:11:18', NULL, NULL),
	(1242, 82, 8, '2015-08-08', 8, '', '2016-09-03 23:11:18', NULL, NULL),
	(1243, 84, 3, '2015-04-01', 7, '', '2016-09-03 23:11:18', NULL, NULL),
	(1244, 84, 4, '2015-05-28', 8, 'A', '2016-09-03 23:11:18', NULL, NULL),
	(1245, 84, 5, '2015-06-03', 8, '', '2016-09-03 23:11:18', NULL, NULL),
	(1246, 100, 6, '2015-04-02', 6, '', '2016-09-03 23:11:18', NULL, NULL),
	(1247, 100, 8, '2015-04-11', 6, '', '2016-09-03 23:11:18', NULL, NULL),
	(1248, 100, 10, '2015-04-30', 6, '', '2016-09-03 23:11:18', NULL, NULL),
	(1249, 100, 15, '2015-06-23', 6, '', '2016-09-03 23:11:18', NULL, NULL),
	(1250, 163, 8, '2015-06-06', 4, '', '2016-09-03 23:11:18', NULL, NULL),
	(1251, 87, 10, '2015-04-18', 5, '', '2016-09-03 23:11:18', NULL, NULL),
	(1252, 87, 11, '2015-04-18', 0, '', '2016-09-03 23:11:18', NULL, NULL),
	(1253, 90, 6, '2015-03-31', 6, '', '2016-09-03 23:11:18', NULL, NULL),
	(1254, 90, 9, '2015-05-28', 6, '', '2016-09-03 23:11:18', NULL, NULL),
	(1255, 90, 8, '2015-04-18', 6, '', '2016-09-03 23:11:18', NULL, NULL),
	(1256, 90, 10, '2015-06-27', 6, '', '2016-09-03 23:11:18', NULL, NULL),
	(1257, 90, 11, '2015-06-27', 6, '', '2016-09-03 23:11:18', NULL, NULL),
	(1258, 91, 3, '2015-06-06', 6, '', '2016-09-03 23:11:18', NULL, NULL),
	(1259, 92, 6, '2015-03-31', 6, '', '2016-09-03 23:11:18', NULL, NULL),
	(1260, 92, 9, '2015-05-28', 6, '', '2016-09-03 23:11:18', NULL, NULL),
	(1261, 92, 8, '2015-04-18', 6, '', '2016-09-03 23:11:18', NULL, NULL),
	(1262, 97, 6, '2015-05-23', 6, '', '2016-09-03 23:11:18', NULL, NULL),
	(1263, 97, 8, '2015-06-27', 6, '', '2016-09-03 23:11:18', NULL, NULL),
	(1264, 97, 10, '2015-08-10', 6, '', '2016-09-03 23:11:18', NULL, NULL),
	(1265, 164, 10, '2015-05-25', 4, '', '2016-09-03 23:11:18', NULL, NULL),
	(1266, 164, 11, '2015-05-25', 4, '', '2016-09-03 23:11:18', NULL, NULL),
	(1267, 164, 15, '2015-06-05', 4, '', '2016-09-03 23:11:18', NULL, NULL),
	(1268, 163, 6, '2015-05-23', 4, '', '2016-09-03 23:11:18', NULL, NULL),
	(1269, 100, 11, '2015-04-30', 6, '', '2016-09-03 23:11:18', NULL, NULL),
	(1270, 163, 10, '2015-06-20', 4, '', '2016-09-03 23:11:18', NULL, NULL),
	(1271, 160, 3, '2015-05-02', 4, '', '2016-09-03 23:11:18', NULL, NULL),
	(1272, 175, 3, '2015-04-01', 3, '', '2016-09-03 23:11:18', NULL, NULL),
	(1273, 166, 4, '2015-04-30', 3, 'AB', '2016-09-03 23:11:18', NULL, NULL),
	(1274, 167, 3, '2015-04-28', 3, '', '2016-09-03 23:11:18', NULL, NULL),
	(1275, 168, 5, '2015-06-03', 4, '', '2016-09-03 23:11:18', NULL, NULL),
	(1276, 249, 6, '2015-04-30', 3, '', '2016-09-03 23:11:18', NULL, NULL),
	(1277, 249, 9, '2015-07-06', 4, '', '2016-09-03 23:11:18', NULL, NULL),
	(1278, 249, 8, '2015-05-25', 4, '', '2016-09-03 23:11:18', NULL, NULL),
	(1279, 171, 4, '2015-05-19', 4, 'A', '2016-09-03 23:11:18', NULL, NULL),
	(1280, 82, 9, '2015-08-14', 8, '', '2016-09-03 23:11:18', NULL, NULL),
	(1281, 95, 8, '2015-08-22', 6, '', '2016-09-03 23:11:18', NULL, NULL),
	(1282, 81, 10, '2015-08-14', 8, '', '2016-09-03 23:11:18', NULL, NULL),
	(1283, 95, 6, '2015-08-19', 6, '', '2016-09-03 23:11:18', NULL, NULL),
	(1284, 126, 1, '2010-06-10', 0, '', '2016-09-03 23:11:18', NULL, NULL),
	(1285, 126, 6, '2015-08-18', 4, '', '2016-09-03 23:11:18', NULL, NULL),
	(1286, 131, 10, '2015-08-22', 4, '', '2016-09-03 23:11:18', NULL, NULL),
	(1287, 143, 6, '2015-08-19', 4, '', '2016-09-03 23:11:18', NULL, NULL),
	(1288, 130, 6, '2015-08-19', 4, '', '2016-09-03 23:11:18', NULL, NULL),
	(1289, 133, 8, '2015-08-20', 4, '', '2016-09-03 23:11:18', NULL, NULL),
	(1290, 256, 8, '2015-08-20', 2, '', '2016-09-03 23:11:18', NULL, NULL),
	(1291, 107, 8, '2015-08-20', 4, '', '2016-09-03 23:11:18', NULL, NULL),
	(1292, 126, 8, '2015-08-20', 4, '', '2016-09-03 23:11:18', NULL, NULL),
	(1293, 154, 8, '2015-08-20', 4, '', '2016-09-03 23:11:18', NULL, NULL),
	(1294, 157, 8, '2015-07-29', 4, '', '2016-09-03 23:11:18', NULL, NULL),
	(1295, 125, 10, '2015-08-21', 4, '', '2016-09-03 23:11:18', NULL, NULL),
	(1296, 144, 10, '2015-08-22', 4, '', '2016-09-03 23:11:18', NULL, NULL),
	(1297, 127, 10, '2015-08-24', 4, '', '2016-09-03 23:11:18', NULL, NULL),
	(1298, 155, 6, '2015-08-24', 4, '', '2016-09-03 23:11:18', NULL, NULL),
	(1299, 137, 10, '2015-08-31', 4, '', '2016-09-03 23:11:18', NULL, NULL),
	(1300, 148, 6, '2015-08-21', 4, '', '2016-09-03 23:11:18', NULL, NULL),
	(1301, 149, 5, '2015-07-14', 4, '', '2016-09-03 23:11:18', NULL, NULL),
	(1302, 128, 8, '2015-07-25', 4, '', '2016-09-03 23:11:18', NULL, NULL),
	(1303, 128, 10, '2015-08-14', 4, '', '2016-09-03 23:11:18', NULL, NULL),
	(1304, 128, 11, '2015-08-14', 4, '', '2016-09-03 23:11:18', NULL, NULL),
	(1305, 127, 11, '2015-08-24', 4, '', '2016-09-03 23:11:18', NULL, NULL),
	(1306, 146, 5, '2015-04-08', 4, '', '2016-09-03 23:11:18', NULL, NULL),
	(1307, 144, 11, '2015-08-22', 4, '', '2016-09-03 23:11:18', NULL, NULL),
	(1308, 121, 5, '2015-06-20', 4, '', '2016-09-03 23:11:18', NULL, NULL),
	(1309, 120, 6, '2015-08-20', 4, '', '2016-09-03 23:11:18', NULL, NULL),
	(1310, 122, 5, '2015-02-17', 4, '', '2016-09-03 23:11:18', NULL, NULL),
	(1311, 157, 10, '2015-08-20', 4, '', '2016-09-03 23:11:18', NULL, NULL),
	(1312, 135, 10, '2015-08-31', 4, '', '2016-09-03 23:11:18', NULL, NULL),
	(1313, 263, 1, '2015-08-22', 1, '', '2016-09-03 23:11:18', NULL, NULL),
	(1314, 264, 1, '2015-08-22', 1, '', '2016-09-03 23:11:18', NULL, NULL),
	(1315, 265, 1, '2015-08-22', 1, '', '2016-09-03 23:11:18', NULL, NULL),
	(1316, 266, 1, '2015-08-22', 1, '', '2016-09-03 23:11:18', NULL, NULL),
	(1317, 267, 1, '2015-08-22', 1, '', '2016-09-03 23:11:18', NULL, NULL),
	(1318, 268, 1, '2015-08-22', 1, '', '2016-09-03 23:11:18', NULL, NULL),
	(1319, 269, 1, '2015-08-22', 1, '', '2016-09-03 23:11:18', NULL, NULL),
	(1320, 270, 1, '2015-08-22', 1, '', '2016-09-03 23:11:18', NULL, NULL),
	(1321, 271, 1, '2015-08-22', 1, '', '2016-09-03 23:11:18', NULL, NULL),
	(1322, 272, 1, '2015-08-22', 1, '', '2016-09-03 23:11:18', NULL, NULL),
	(1323, 273, 1, '2015-08-22', 1, '', '2016-09-03 23:11:18', NULL, NULL),
	(1324, 274, 1, '2015-08-22', 1, '', '2016-09-03 23:11:18', NULL, NULL),
	(1325, 275, 1, '2015-08-22', 1, '', '2016-09-03 23:11:18', NULL, NULL),
	(1326, 276, 1, '2015-08-22', 1, '', '2016-09-03 23:11:18', NULL, NULL),
	(1327, 277, 1, '2015-08-22', 1, '', '2016-09-03 23:11:18', NULL, NULL),
	(1328, 104, 8, '2015-08-31', 6, '', '2016-09-03 23:11:18', NULL, NULL),
	(1329, 133, 10, '2015-08-31', 4, '', '2016-09-03 23:11:18', NULL, NULL),
	(1330, 145, 10, '2015-08-25', 4, '', '2016-09-03 23:11:18', NULL, NULL),
	(1331, 133, 11, '2015-08-31', 4, '', '2016-09-03 23:11:18', NULL, NULL),
	(1332, 132, 10, '2015-08-25', 4, '', '2016-09-03 23:11:18', NULL, NULL),
	(1333, 132, 11, '2015-08-25', 4, '', '2016-09-03 23:11:18', NULL, NULL),
	(1334, 200, 6, '2015-08-21', 6, '', '2016-09-03 23:11:18', NULL, NULL),
	(1335, 200, 8, '2015-08-24', 6, '', '2016-09-03 23:11:18', NULL, NULL),
	(1336, 200, 10, '2015-08-31', 6, '', '2016-09-03 23:11:18', NULL, NULL),
	(1337, 61, 11, '2015-02-01', 5, '', '2016-09-03 23:11:18', NULL, NULL),
	(1338, 126, 10, '2015-09-08', 5, '', '2016-09-03 23:11:18', NULL, NULL),
	(1339, 148, 8, '2015-08-31', 4, '', '2016-09-03 23:11:18', NULL, NULL),
	(1340, 155, 8, '2015-08-31', 4, '', '2016-09-03 23:11:18', NULL, NULL),
	(1341, 154, 10, '2015-09-10', 5, '', '2016-09-03 23:11:18', NULL, NULL),
	(1342, 95, 10, '2015-09-07', 6, '', '2016-09-03 23:11:18', NULL, NULL),
	(1343, 249, 10, '2015-08-29', 4, '', '2016-09-03 23:11:18', NULL, NULL),
	(1344, 92, 8, '2015-04-18', 6, '', '2016-09-03 23:11:18', NULL, NULL),
	(1345, 82, 8, '2015-08-14', 8, '', '2016-09-03 23:11:18', NULL, NULL),
	(1346, 96, 6, '2015-09-02', 6, '', '2016-09-03 23:11:18', NULL, NULL),
	(1347, 163, 11, '2015-06-20', 4, '', '2016-09-03 23:11:18', NULL, NULL),
	(1348, 163, 15, '2015-07-31', 4, '', '2016-09-03 23:11:18', NULL, NULL),
	(1349, 174, 4, '2015-09-10', 4, 'A', '2016-09-03 23:11:18', NULL, NULL),
	(1350, 140, 3, '2015-09-23', 5, '', '2016-09-03 23:11:18', NULL, NULL),
	(1351, 82, 10, '2015-09-25', 8, '', '2016-09-03 23:11:18', NULL, NULL),
	(1352, 122, 6, '2015-09-30', 5, '', '2016-09-03 23:11:18', NULL, NULL),
	(1353, 81, 11, '2015-08-14', 8, '', '2016-09-03 23:11:18', NULL, NULL),
	(1354, 81, 15, '2015-09-22', 8, '', '2016-09-03 23:11:18', NULL, NULL),
	(1355, 84, 6, '2015-09-28', 8, '', '2016-09-03 23:11:18', NULL, NULL),
	(1356, 90, 15, '2015-08-13', 6, '', '2016-09-03 23:11:18', NULL, NULL),
	(1357, 97, 11, '2015-08-10', 6, '', '2016-09-03 23:11:18', NULL, NULL),
	(1358, 97, 15, '2015-09-02', 6, '', '2016-09-03 23:11:18', NULL, NULL),
	(1359, 122, 8, '2015-10-19', 6, '', '2016-09-03 23:11:18', NULL, NULL),
	(1360, 143, 8, '2015-10-12', 5, '', '2016-09-03 23:11:18', NULL, NULL),
	(1361, 261, 6, '2015-10-20', 4, '', '2016-09-03 23:11:18', NULL, NULL),
	(1362, 84, 8, '2015-10-15', 8, '', '2016-09-03 23:11:18', NULL, NULL),
	(1363, 84, 10, '2015-10-19', 8, '', '2016-09-03 23:11:18', NULL, NULL),
	(1364, 279, 3, '2015-09-16', 3, '', '2016-09-03 23:11:18', NULL, NULL),
	(1365, 280, 3, '2015-10-08', 3, '', '2016-09-03 23:11:18', NULL, NULL),
	(1366, 258, 6, '2015-09-10', 3, '', '2016-09-03 23:11:18', NULL, NULL),
	(1367, 258, 8, '2015-09-21', 3, '', '2016-09-03 23:11:18', NULL, NULL),
	(1368, 256, 10, '2015-09-15', 3, '', '2016-09-03 23:11:18', NULL, NULL),
	(1369, 256, 11, '2015-09-15', 3, '', '2016-09-03 23:11:18', NULL, NULL),
	(1370, 281, 3, '2015-10-06', 3, '', '2016-09-03 23:11:18', NULL, NULL),
	(1371, 282, 3, '2015-10-02', 3, '', '2016-09-03 23:11:18', NULL, NULL),
	(1372, 283, 3, '2015-09-16', 3, '', '2016-09-03 23:11:18', NULL, NULL),
	(1373, 153, 6, '2015-07-10', 5, '', '2016-09-03 23:11:18', NULL, NULL),
	(1374, 153, 8, '2015-10-15', 5, '', '2016-09-03 23:11:18', NULL, NULL),
	(1375, 287, 3, '2015-10-11', 3, '', '2016-09-03 23:11:18', NULL, NULL),
	(1376, 154, 10, '2015-09-10', 5, '', '2016-09-03 23:11:18', NULL, NULL),
	(1377, 130, 8, '2015-10-12', 5, '', '2016-09-03 23:11:18', NULL, NULL),
	(1378, 155, 10, '2015-10-27', 5, '', '2016-09-03 23:11:18', NULL, NULL),
	(1379, 145, 11, '2015-08-25', 4, '', '2016-09-03 23:11:18', NULL, NULL),
	(1380, 1, 11, '2015-06-24', 8, '', '2016-09-03 23:11:18', NULL, NULL),
	(1381, 184, 11, '2014-08-25', 8, '', '2016-09-03 23:11:18', NULL, NULL),
	(1382, 200, 11, '2015-08-31', 6, '', '2016-09-03 23:11:18', NULL, NULL),
	(1383, 142, 11, '2015-05-07', 4, '', '2016-09-03 23:11:18', NULL, NULL),
	(1384, 131, 11, '2015-08-22', 4, '', '2016-09-03 23:11:18', NULL, NULL),
	(1385, 151, 11, '2015-03-23', 4, '', '2016-09-03 23:11:18', NULL, NULL),
	(1386, 154, 11, '2015-09-10', 5, '', '2016-09-03 23:11:18', NULL, NULL),
	(1387, 125, 11, '2015-08-21', 4, '', '2016-09-03 23:11:18', NULL, NULL),
	(1388, 135, 11, '2015-08-31', 4, '', '2016-09-03 23:11:18', NULL, NULL),
	(1389, 137, 11, '2015-08-31', 4, '', '2016-09-03 23:11:18', NULL, NULL),
	(1390, 255, 6, '2015-11-03', 4, '', '2016-09-03 23:11:18', NULL, NULL),
	(1391, 104, 10, '2015-10-30', 7, '', '2016-09-03 23:11:18', NULL, NULL),
	(1392, 158, 4, '2015-10-24', 5, 'A', '2016-09-03 23:11:18', NULL, NULL),
	(1393, 294, 3, '2015-10-30', 1, '', '2016-09-03 23:11:18', NULL, NULL),
	(1394, 298, 3, '2015-10-30', 2, '', '2016-09-03 23:11:18', NULL, NULL),
	(1395, 299, 3, '2015-10-30', 3, '', '2016-09-03 23:11:18', NULL, NULL),
	(1396, 297, 3, '2015-10-30', 3, '', '2016-09-03 23:11:18', NULL, NULL),
	(1397, 285, 3, '2015-10-28', 3, '', '2016-09-03 23:11:18', NULL, NULL),
	(1398, 258, 10, '2015-11-02', 3, '', '2016-09-03 23:11:18', NULL, NULL),
	(1399, 122, 10, '2015-10-29', 6, '', '2016-09-03 23:11:18', NULL, NULL),
	(1400, 284, 3, '2015-10-30', 3, '', '2016-09-03 23:11:18', NULL, NULL),
	(1401, 315, 3, '2015-09-16', 3, '', '2016-09-03 23:11:18', NULL, NULL),
	(1402, 249, 11, '2015-08-29', 4, '', '2016-09-03 23:11:18', NULL, NULL),
	(1403, 249, 15, '2015-09-17', 4, '', '2016-09-03 23:11:18', NULL, NULL),
	(1404, 121, 6, '2015-11-02', 5, '', '2016-09-03 23:11:18', NULL, NULL),
	(1405, 140, 4, '2015-11-05', 5, '', '2016-09-03 23:11:18', NULL, NULL),
	(1406, 325, 3, '2015-11-03', 3, '', '2016-09-03 23:11:18', NULL, NULL),
	(1407, 323, 3, '2015-11-03', 3, '', '2016-09-03 23:11:18', NULL, NULL),
	(1408, 258, 11, '2015-11-02', 3, '', '2016-09-03 23:11:18', NULL, NULL),
	(1409, 143, 10, '2015-11-10', 5, '', '2016-09-03 23:11:18', NULL, NULL),
	(1410, 155, 11, '2015-10-27', 5, '', '2016-09-03 23:11:18', NULL, NULL),
	(1411, 157, 11, '2015-08-25', 4, '', '2016-09-03 23:11:18', NULL, NULL),
	(1412, 126, 11, '2015-09-08', 5, '', '2016-09-03 23:11:18', NULL, NULL),
	(1413, 124, 11, '2015-08-31', 4, '', '2016-09-03 23:11:18', NULL, NULL),
	(1414, 95, 11, '2015-09-07', 6, '', '2016-09-03 23:11:18', NULL, NULL),
	(1415, 288, 3, '2015-11-13', 3, '', '2016-09-03 23:11:18', NULL, NULL),
	(1416, 286, 3, '2015-09-05', 3, '', '2016-09-03 23:11:18', NULL, NULL),
	(1417, 95, 15, '2015-09-22', 6, '', '2016-09-03 23:11:18', NULL, NULL),
	(1418, 118, 3, '2015-11-12', 5, '', '2016-09-03 23:11:18', NULL, NULL),
	(1419, 289, 3, '2015-11-20', 3, '', '2016-09-03 23:11:18', NULL, NULL),
	(1420, 174, 5, '2015-11-04', 5, '', '2016-09-03 23:11:18', NULL, NULL),
	(1421, 280, 4, '2015-11-18', 3, '', '2016-09-03 23:11:18', NULL, NULL),
	(1422, 84, 11, '2015-10-19', 8, '', '2016-09-03 23:11:18', NULL, NULL),
	(1423, 84, 15, '2015-10-26', 8, '', '2016-09-03 23:11:18', NULL, NULL),
	(1424, 152, 5, '2015-11-23', 5, '', '2016-09-03 23:11:18', NULL, NULL),
	(1425, 141, 4, '2015-06-23', 4, '', '2016-09-03 23:11:18', NULL, NULL),
	(1426, 141, 5, '2015-11-20', 5, '', '2016-09-03 23:11:18', NULL, NULL),
	(1427, 162, 4, '2015-11-20', 6, 'A', '2016-09-03 23:11:18', NULL, NULL),
	(1428, 162, 3, '2015-06-09', 6, '', '2016-09-03 23:11:18', NULL, NULL),
	(1429, 121, 8, '2015-11-30', 5, '', '2016-09-03 23:11:18', NULL, NULL),
	(1430, 291, 3, '2015-12-02', 3, '', '2016-09-03 23:11:18', NULL, NULL),
	(1431, 130, 10, '2015-12-03', 5, '', '2016-09-03 23:11:18', NULL, NULL),
	(1432, 143, 11, '2015-11-10', 5, '', '2016-09-03 23:11:18', NULL, NULL),
	(1433, 104, 11, '2015-10-30', 7, '', '2016-09-03 23:11:18', NULL, NULL),
	(1434, 294, 4, '2015-12-08', 1, '', '2016-09-03 23:11:18', NULL, NULL),
	(1435, 284, 4, '2015-12-08', 3, '', '2016-09-03 23:11:18', NULL, NULL),
	(1436, 130, 11, '2015-12-03', 5, '', '2016-09-03 23:11:18', NULL, NULL),
	(1437, 303, 1, '2014-09-01', 1, '', '2016-09-03 23:11:18', NULL, NULL),
	(1438, 302, 1, '2014-09-01', 1, '', '2016-09-03 23:11:18', NULL, NULL),
	(1439, 295, 1, '2014-09-01', 1, '', '2016-09-03 23:11:18', NULL, NULL),
	(1440, 285, 1, '2014-09-01', 1, '', '2016-09-03 23:11:18', NULL, NULL),
	(1441, 304, 1, '2014-09-01', 1, '', '2016-09-03 23:11:18', NULL, NULL),
	(1442, 304, 3, '2015-10-06', 3, '', '2016-09-03 23:11:18', NULL, NULL),
	(1443, 305, 1, '2014-09-01', 1, '', '2016-09-03 23:11:18', NULL, NULL),
	(1444, 284, 1, '2014-09-01', 1, '', '2016-09-03 23:11:18', NULL, NULL),
	(1445, 286, 1, '2014-09-01', 1, '', '2016-09-03 23:11:18', NULL, NULL),
	(1446, 307, 1, '2014-09-01', 1, '', '2016-09-03 23:11:18', NULL, NULL),
	(1447, 287, 1, '2014-09-01', 1, '', '2016-09-03 23:11:18', NULL, NULL),
	(1448, 288, 1, '2014-09-01', 1, '', '2016-09-03 23:11:18', NULL, NULL),
	(1449, 310, 1, '2014-09-01', 1, '', '2016-09-03 23:11:18', NULL, NULL),
	(1450, 296, 1, '2014-09-01', 1, '', '2016-09-03 23:11:18', NULL, NULL),
	(1451, 297, 1, '2014-09-01', 1, '', '2016-09-03 23:11:18', NULL, NULL),
	(1452, 311, 1, '2014-09-01', 1, '', '2016-09-03 23:11:18', NULL, NULL),
	(1453, 289, 1, '2014-09-01', 1, '', '2016-09-03 23:11:18', NULL, NULL),
	(1454, 313, 1, '2014-09-01', 1, '', '2016-09-03 23:11:18', NULL, NULL),
	(1455, 314, 1, '2014-09-01', 1, '', '2016-09-03 23:11:18', NULL, NULL),
	(1456, 315, 1, '2014-09-01', 1, '', '2016-09-03 23:11:18', NULL, NULL),
	(1457, 291, 1, '2014-09-01', 1, '', '2016-09-03 23:11:18', NULL, NULL),
	(1458, 317, 1, '2014-09-01', 1, '', '2016-09-03 23:11:18', NULL, NULL),
	(1459, 318, 1, '2014-09-01', 1, '', '2016-09-03 23:11:18', NULL, NULL),
	(1460, 280, 1, '2014-09-01', 1, '', '2016-09-03 23:11:18', NULL, NULL),
	(1461, 319, 1, '2014-09-01', 1, '', '2016-09-03 23:11:18', NULL, NULL),
	(1462, 320, 1, '2014-09-01', 1, '', '2016-09-03 23:11:18', NULL, NULL),
	(1463, 321, 1, '2014-09-01', 1, '', '2016-09-03 23:11:18', NULL, NULL),
	(1464, 322, 1, '2014-09-01', 1, '', '2016-09-03 23:11:18', NULL, NULL),
	(1465, 323, 1, '2014-09-01', 1, '', '2016-09-03 23:11:18', NULL, NULL),
	(1466, 281, 1, '2014-09-01', 1, '', '2016-09-03 23:11:18', NULL, NULL),
	(1467, 326, 1, '2014-09-01', 1, '', '2016-09-03 23:11:18', NULL, NULL),
	(1468, 282, 1, '2014-09-01', 1, '', '2016-09-03 23:11:18', NULL, NULL),
	(1469, 283, 1, '2014-09-01', 1, '', '2016-09-03 23:11:18', NULL, NULL),
	(1470, 293, 1, '2014-09-01', 1, '', '2016-09-03 23:11:18', NULL, NULL),
	(1471, 325, 1, '2014-09-01', 1, '', '2016-09-03 23:11:18', NULL, NULL),
	(1472, 299, 1, '2014-09-01', 1, '', '2016-09-03 23:11:18', NULL, NULL),
	(1473, 325, 4, '2015-12-11', 3, '', '2016-09-03 23:11:18', NULL, NULL),
	(1474, 322, 3, '2015-12-15', 3, '', '2016-09-03 23:11:18', NULL, NULL),
	(1475, 320, 3, '2015-12-14', 3, '', '2016-09-03 23:11:18', NULL, NULL),
	(1476, 317, 3, '2015-12-14', 3, '', '2016-09-03 23:11:18', NULL, NULL),
	(1477, 323, 4, '2015-12-11', 3, '', '2016-09-03 23:11:18', NULL, NULL),
	(1478, 307, 3, '2015-12-15', 3, '', '2016-09-03 23:11:18', NULL, NULL),
	(1479, 262, 6, '2015-12-15', 3, '', '2016-09-03 23:11:18', NULL, NULL),
	(1480, 311, 3, '2015-12-15', 3, '', '2016-09-03 23:11:18', NULL, NULL),
	(1481, 121, 10, '2015-12-21', 5, '', '2016-09-03 23:11:18', NULL, NULL),
	(1482, 34, 1, '2015-12-16', 8, '', '2016-09-03 23:11:18', NULL, NULL),
	(1483, 297, 4, '2015-12-23', 3, '', '2016-09-03 23:11:18', NULL, NULL),
	(1484, 286, 4, '2015-12-18', 3, '', '2016-09-03 23:11:18', NULL, NULL),
	(1485, 260, 5, '2015-08-24', 3, '', '2016-09-03 23:11:18', NULL, NULL),
	(1486, 260, 6, '2015-12-18', 3, '', '2016-09-03 23:11:18', NULL, NULL),
	(1487, 158, 5, '2015-11-18', 5, '', '2016-09-03 23:11:18', NULL, NULL),
	(1488, 318, 3, '2015-12-23', 3, '', '2016-09-03 23:11:18', NULL, NULL),
	(1489, 153, 10, '2015-12-22', 5, '', '2016-09-03 23:11:18', NULL, NULL),
	(1490, 166, 6, '2015-12-22', 5, '', '2016-09-03 23:11:18', NULL, NULL),
	(1491, 92, 10, '2015-12-23', 7, '', '2016-09-03 23:11:18', NULL, NULL),
	(1492, 328, 1, '2013-10-25', 1, '', '2016-09-03 23:11:18', NULL, NULL),
	(1493, 328, 3, '2015-02-25', 3, '', '2016-09-03 23:11:18', NULL, NULL),
	(1494, 328, 4, '2015-04-18', 4, 'A', '2016-09-03 23:11:18', NULL, NULL),
	(1495, 328, 5, '2015-06-03', 4, '', '2016-09-03 23:11:18', NULL, NULL),
	(1496, 328, 6, '2015-12-29', 5, '', '2016-09-03 23:11:18', NULL, NULL),
	(1497, 282, 4, '2015-12-22', 3, '', '2016-09-03 23:11:18', NULL, NULL),
	(1498, 317, 4, '2015-12-30', 3, '', '2016-09-03 23:11:18', NULL, NULL),
	(1499, 320, 4, '2015-12-30', 3, '', '2016-09-03 23:11:18', NULL, NULL),
	(1500, 287, 4, '2015-12-22', 3, '', '2016-09-03 23:11:18', NULL, NULL),
	(1501, 255, 8, '2016-01-04', 4, '', '2016-09-03 23:11:18', NULL, NULL),
	(1502, 44, 6, '2016-01-13', 7, '', '2016-09-03 23:11:18', NULL, NULL),
	(1505, 255, 10, '2017-02-19', 7, 'A', '2017-02-19 13:58:09', '2017-02-19 14:02:01', NULL);
/*!40000 ALTER TABLE `progress_mahasiswa` ENABLE KEYS */;

-- Dumping structure for table monitoring_tesis.publikasi
CREATE TABLE IF NOT EXISTS `publikasi` (
  `id` int(11) NOT NULL AUTO_INCREMENT,
  `mahasiswa_id` int(11) DEFAULT NULL,
  `judul` varchar(255) DEFAULT NULL,
  `penulis_1` varchar(45) DEFAULT NULL,
  `penulis_2` varchar(45) DEFAULT NULL,
  `penulis_3` varchar(45) DEFAULT NULL,
  `nama_jurnal` varchar(100) DEFAULT NULL,
  `kategori` varchar(10) DEFAULT NULL,
  `created_at` timestamp NOT NULL DEFAULT CURRENT_TIMESTAMP,
  `updated_at` timestamp NULL DEFAULT NULL,
  `deleted_at` timestamp NULL DEFAULT NULL,
  PRIMARY KEY (`id`),
  KEY `index-publikasi` (`mahasiswa_id`)
) ENGINE=InnoDB DEFAULT CHARSET=latin1;

-- Dumping data for table monitoring_tesis.publikasi: ~0 rows (approximately)
/*!40000 ALTER TABLE `publikasi` DISABLE KEYS */;
/*!40000 ALTER TABLE `publikasi` ENABLE KEYS */;

-- Dumping structure for table monitoring_tesis.users
CREATE TABLE IF NOT EXISTS `users` (
  `id` int(11) NOT NULL AUTO_INCREMENT,
  `first_name` varchar(50) DEFAULT NULL,
  `last_name` varchar(50) DEFAULT NULL,
  `username` varchar(50) DEFAULT NULL,
  `email` varchar(100) NOT NULL,
  `password` varchar(100) DEFAULT NULL,
  `profile_picture` varchar(300) DEFAULT NULL,
  `profile_picture_filename` varchar(100) CHARACTER SET utf8 COLLATE utf8_unicode_ci DEFAULT NULL,
  `fakultas_id` int(11) DEFAULT NULL,
  `user_status` enum('active','inactive','banned') NOT NULL DEFAULT 'inactive',
  `lock` tinyint(1) NOT NULL DEFAULT '0',
  `created_at` timestamp NOT NULL DEFAULT CURRENT_TIMESTAMP,
  `updated_at` timestamp NULL DEFAULT NULL,
  `deleted_at` timestamp NULL DEFAULT NULL,
  PRIMARY KEY (`id`),
  UNIQUE KEY `email` (`email`),
  UNIQUE KEY `username` (`username`),
  KEY `FKfakultas_id` (`fakultas_id`),
  CONSTRAINT `FKfakultas_id` FOREIGN KEY (`fakultas_id`) REFERENCES `fakultas` (`id`)
) ENGINE=InnoDB AUTO_INCREMENT=5 DEFAULT CHARSET=latin1;

-- Dumping data for table monitoring_tesis.users: ~4 rows (approximately)
/*!40000 ALTER TABLE `users` DISABLE KEYS */;
INSERT INTO `users` (`id`, `first_name`, `last_name`, `username`, `email`, `password`, `profile_picture`, `profile_picture_filename`, `fakultas_id`, `user_status`, `lock`, `created_at`, `updated_at`, `deleted_at`) VALUES
	(1, 'Admin', 'istrator', 'admin', 'admin@admin.com', 'ede6b50e7b5826fe48fc1f0fe772c48f', 'http://localhost/pmb/content/uploads/avatar/profile-img.jpg', '', NULL, 'active', 0, '2016-03-03 06:58:21', '2016-09-23 02:34:58', NULL),
	(2, 'Arfan', 'Bandi', 'arfan', 'arfanbandi@ipb.net', 'd9d0fec758f684f5f9bd7b1f4335d6e6', 'http://localhost/monitoring_tesis_baru/assets/img/default_profile_picture.gif', NULL, NULL, 'active', 0, '2016-09-23 03:15:52', NULL, NULL),
	(3, 'Fakultas Ilmu Komputer', '', 'ilkom', 'ilkom@ipb.net', 'ede6b50e7b5826fe48fc1f0fe772c48f', 'http://localhost/monitoring_tesis_baru/assets/img/default_profile_picture.gif', NULL, 1, 'active', 0, '2017-02-11 16:10:33', '2017-02-17 17:27:07', NULL),
	(4, 'Fakultas Pertanian', '', 'pertanian', 'pertanian@ipb.net', 'ede6b50e7b5826fe48fc1f0fe772c48f', 'http://localhost/monitoring_tesis_baru/assets/img/default_profile_picture.gif', NULL, 2, 'active', 0, '2017-02-18 09:46:35', '2017-02-18 13:11:54', NULL);
/*!40000 ALTER TABLE `users` ENABLE KEYS */;

-- Dumping structure for table monitoring_tesis.user_groups
CREATE TABLE IF NOT EXISTS `user_groups` (
  `id` int(11) NOT NULL AUTO_INCREMENT,
  `user_id` int(11) NOT NULL,
  `group_id` int(11) NOT NULL,
  `created_at` timestamp NOT NULL DEFAULT CURRENT_TIMESTAMP,
  `updated_at` timestamp NULL DEFAULT NULL,
  `deleted_at` timestamp NULL DEFAULT NULL,
  PRIMARY KEY (`id`)
) ENGINE=InnoDB AUTO_INCREMENT=5 DEFAULT CHARSET=latin1;

-- Dumping data for table monitoring_tesis.user_groups: ~5 rows (approximately)
/*!40000 ALTER TABLE `user_groups` DISABLE KEYS */;
INSERT INTO `user_groups` (`id`, `user_id`, `group_id`, `created_at`, `updated_at`, `deleted_at`) VALUES
	(1, 1, 1, '2016-01-26 17:58:21', NULL, NULL),
	(2, 2, 1, '2016-09-23 03:15:52', NULL, NULL),
	(3, 3, 2, '2017-02-11 16:10:33', NULL, NULL),
	(4, 4, 2, '2017-02-13 17:43:35', '2017-02-18 13:11:54', NULL);
/*!40000 ALTER TABLE `user_groups` ENABLE KEYS */;

/*!40101 SET SQL_MODE=IFNULL(@OLD_SQL_MODE, '') */;
/*!40014 SET FOREIGN_KEY_CHECKS=IF(@OLD_FOREIGN_KEY_CHECKS IS NULL, 1, @OLD_FOREIGN_KEY_CHECKS) */;
/*!40101 SET CHARACTER_SET_CLIENT=@OLD_CHARACTER_SET_CLIENT */;
